<?xml version="1.0" encoding="utf-8"?>
<COLLADA xmlns="http://www.collada.org/2005/11/COLLADASchema" version="1.4.1">
  <asset>
    <contributor>
      <authoring_tool>Every File Explorer</authoring_tool>
    </contributor>
    <created>2015-08-23T23:46:21.583502+02:00</created>
    <modified>2015-08-23T23:46:21.5854988+02:00</modified>
    <unit meter="1" name="meter" />
  </asset>
  <library_geometries>
    <geometry id="ID47">
      <mesh>
        <source id="ID49">
          <float_array id="ID50" count="156">-2393.6201171875 676.302001953125 -2366.47998046875 -2007.91003417969 679.476013183594 -2686.89990234375 -2360.30004882813 936.523010253906 -2323.7900390625 -1974.58996582031 939.697998046875 -2644.19995117188 -1549.67004394531 386.053009033203 -2604.56005859375 -1306.5 386.053009033203 -2739.10009765625 -1533.06994628906 543.947021484375 -2574.57006835938 -1289.90002441406 543.947021484375 -2709.10009765625 145.585006713867 537.630004882813 -2677.38989257813 672.257019042969 540.557006835938 -2605.75 136.766006469727 819.442993164063 -2624.06005859375 663.43798828125 822.369995117188 -2552.419921875 1137.67004394531 538.255981445313 -2767.78002929688 1534.11999511719 535.935974121094 -2684.09008789063 1133.07995605469 755.18701171875 -2740.01000976563 1529.53002929688 752.867004394531 -2656.32006835938 2296.42993164063 715.742980957031 -2316.86010742188 2928.419921875 715.742980957031 -1688.43005371094 2243.46997070313 1138.26000976563 -2263.61010742188 2875.46997070313 1138.26000976563 -1635.18005371094 -2600.05004882813 514.046997070313 -746.14599609375 -2526.68994140625 514.046997070313 -1122.82995605469 -2580.72998046875 719.953002929688 -742.383972167969 -2507.3701171875 719.953002929688 -1119.06005859375 2728.30004882813 596.877990722656 637.398010253906 2595.61010742188 600.934997558594 1133.01000976563 2685.52001953125 879.065002441406 623.635009765625 2552.830078125 883.122009277344 1119.23999023438 -2438.69995117188 698.008972167969 2298.72998046875 -2747.68994140625 697.953002929688 1809.09997558594 -2353.46997070313 1004.28997802734 2244.90991210938 -2662.4599609375 1004.22998046875 1755.28002929688 2400.1298828125 687.289978027344 1764.69995117188 1832.77001953125 687.289978027344 2216.34008789063 2340.39990234375 1034.7099609375 1689.66003417969 1773.03002929688 1034.7099609375 2141.30004882813 -1635.28002929688 671.757019042969 2732.96997070313 -1974.25 671.757019042969 2561.5 -1617.78002929688 894.242980957031 2698.36010742188 -1956.75 894.242980957031 2526.89990234375 -351.266998291016 432.940002441406 2746.86010742188 -898.929016113281 432.940002441406 2619.31005859375 -333.351013183594 745.059997558594 2669.92993164063 -881.013000488281 745.059997558594 2542.3798828125 2240.78002929688 1241 2364.82006835938 1977.84997558594 1266.14001464844 2645.919921875 2195.31005859375 1417.85998535156 2306.46997070313 1932.38000488281 1443 2587.57006835938 1811.76000976563 608.252990722656 2636.13989257813 1481.38000488281 608.252990722656 2795.13989257813 1801.53002929688 813.747009277344 2614.8798828125 1471.15002441406 813.747009277344 2773.88989257813 </float_array>
          <technique_common>
            <accessor count="52" source="#ID50" stride="3">
              <param name="X" type="float" />
              <param name="Y" type="float" />
              <param name="Z" type="float" />
            </accessor>
          </technique_common>
        </source>
        <source id="ID51">
          <float_array id="ID52" count="104">0 -1 2 -1 0 1 2 1 0 -1 2 -1 0 1 2 1 0 -1 2 -1 0 1 2 1 0 -1 2 -1 0 1 2 1 0 -1 2 -1 0 1 2 1 0 -1 2 -1 0 1 2 1 0 -1 2 -1 0 1 2 1 0 -1 2 -1 0 1 2 1 0 -1 2 -1 0 1 2 1 0 -1 2 -1 0 1 2 1 0 -1 2 -1 0 1 2 1 0 -1 2 -1 0 1 2 1 0 -1 2 -1 0 1 2 1 </float_array>
          <technique_common>
            <accessor count="52" source="#ID52" stride="2">
              <param name="S" type="float" />
              <param name="T" type="float" />
            </accessor>
          </technique_common>
        </source>
        <source id="ID53">
          <float_array id="ID54" count="208">1 1 1 1 1 1 1 1 1 1 1 1 1 1 1 1 1 1 1 1 1 1 1 1 1 1 1 1 1 1 1 1 1 1 1 1 1 1 1 1 1 1 1 1 1 1 1 1 1 1 1 1 1 1 1 1 1 1 1 1 1 1 1 1 1 1 1 1 1 1 1 1 1 1 1 1 1 1 1 1 1 1 1 1 1 1 1 1 1 1 1 1 1 1 1 1 1 1 1 1 1 1 1 1 1 1 1 1 1 1 1 1 1 1 1 1 1 1 1 1 1 1 1 1 1 1 1 1 1 1 1 1 1 1 1 1 1 1 1 1 1 1 1 1 1 1 1 1 1 1 1 1 1 1 1 1 1 1 1 1 1 1 1 1 1 1 1 1 1 1 1 1 1 1 1 1 1 1 1 1 1 1 1 1 1 1 1 1 1 1 1 1 1 1 1 1 1 1 1 1 1 1 1 1 1 1 1 1 </float_array>
          <technique_common>
            <accessor count="52" source="#ID54" stride="4">
              <param name="R" type="float" />
              <param name="G" type="float" />
              <param name="B" type="float" />
              <param name="A" type="float" />
            </accessor>
          </technique_common>
        </source>
        <vertices id="ID48">
          <input semantic="POSITION" source="#ID49" />
        </vertices>
        <triangles count="2" material="Bagb_kumo">
          <input offset="0" semantic="VERTEX" source="#ID48" />
          <input offset="1" semantic="TEXCOORD" source="#ID51" />
          <input offset="2" semantic="COLOR" source="#ID53" />
          <p>0 0 0 1 1 1 2 2 2 1 1 1 3 3 3 2 2 2 </p>
        </triangles>
        <triangles count="2" material="Bagb_kumo">
          <input offset="0" semantic="VERTEX" source="#ID48" />
          <input offset="1" semantic="TEXCOORD" source="#ID51" />
          <input offset="2" semantic="COLOR" source="#ID53" />
          <p>4 4 4 5 5 5 6 6 6 5 5 5 7 7 7 6 6 6 </p>
        </triangles>
        <triangles count="2" material="Bagb_kumo">
          <input offset="0" semantic="VERTEX" source="#ID48" />
          <input offset="1" semantic="TEXCOORD" source="#ID51" />
          <input offset="2" semantic="COLOR" source="#ID53" />
          <p>16 16 16 17 17 17 18 18 18 17 17 17 19 19 19 18 18 18 </p>
        </triangles>
        <triangles count="2" material="Bagb_kumo">
          <input offset="0" semantic="VERTEX" source="#ID48" />
          <input offset="1" semantic="TEXCOORD" source="#ID51" />
          <input offset="2" semantic="COLOR" source="#ID53" />
          <p>20 20 20 21 21 21 22 22 22 21 21 21 23 23 23 22 22 22 </p>
        </triangles>
        <triangles count="2" material="Bagb_kumo">
          <input offset="0" semantic="VERTEX" source="#ID48" />
          <input offset="1" semantic="TEXCOORD" source="#ID51" />
          <input offset="2" semantic="COLOR" source="#ID53" />
          <p>8 8 8 9 9 9 10 10 10 9 9 9 11 11 11 10 10 10 </p>
        </triangles>
        <triangles count="2" material="Bagb_kumo">
          <input offset="0" semantic="VERTEX" source="#ID48" />
          <input offset="1" semantic="TEXCOORD" source="#ID51" />
          <input offset="2" semantic="COLOR" source="#ID53" />
          <p>24 24 24 25 25 25 26 26 26 25 25 25 27 27 27 26 26 26 </p>
        </triangles>
        <triangles count="2" material="Bagb_kumo">
          <input offset="0" semantic="VERTEX" source="#ID48" />
          <input offset="1" semantic="TEXCOORD" source="#ID51" />
          <input offset="2" semantic="COLOR" source="#ID53" />
          <p>28 28 28 29 29 29 30 30 30 29 29 29 31 31 31 30 30 30 </p>
        </triangles>
        <triangles count="2" material="Bagb_kumo">
          <input offset="0" semantic="VERTEX" source="#ID48" />
          <input offset="1" semantic="TEXCOORD" source="#ID51" />
          <input offset="2" semantic="COLOR" source="#ID53" />
          <p>32 32 32 33 33 33 34 34 34 33 33 33 35 35 35 34 34 34 </p>
        </triangles>
        <triangles count="2" material="Bagb_kumo">
          <input offset="0" semantic="VERTEX" source="#ID48" />
          <input offset="1" semantic="TEXCOORD" source="#ID51" />
          <input offset="2" semantic="COLOR" source="#ID53" />
          <p>36 36 36 37 37 37 38 38 38 37 37 37 39 39 39 38 38 38 </p>
        </triangles>
        <triangles count="2" material="Bagb_kumo">
          <input offset="0" semantic="VERTEX" source="#ID48" />
          <input offset="1" semantic="TEXCOORD" source="#ID51" />
          <input offset="2" semantic="COLOR" source="#ID53" />
          <p>40 40 40 41 41 41 42 42 42 41 41 41 43 43 43 42 42 42 </p>
        </triangles>
        <triangles count="2" material="Bagb_kumo">
          <input offset="0" semantic="VERTEX" source="#ID48" />
          <input offset="1" semantic="TEXCOORD" source="#ID51" />
          <input offset="2" semantic="COLOR" source="#ID53" />
          <p>12 12 12 13 13 13 14 14 14 13 13 13 15 15 15 14 14 14 </p>
        </triangles>
        <triangles count="4" material="Bagb_kumo">
          <input offset="0" semantic="VERTEX" source="#ID48" />
          <input offset="1" semantic="TEXCOORD" source="#ID51" />
          <input offset="2" semantic="COLOR" source="#ID53" />
          <p>44 44 44 45 45 45 46 46 46 45 45 45 47 47 47 46 46 46 48 48 48 49 49 49 50 50 50 49 49 49 51 51 51 50 50 50 </p>
        </triangles>
      </mesh>
    </geometry>
    <geometry id="ID55">
      <mesh>
        <source id="ID57">
          <float_array id="ID58" count="72">-2842.580078125 117.861999511719 -2842.580078125 -910 50 -910 -947.526000976563 117.861999511719 -2842.580078125 0 50 -910 947.526000976563 117.861999511719 -2842.580078125 910 50 -910 2842.580078125 117.861999511719 -2842.580078125 -2842.580078125 117.861999511719 -947.526000976563 2842.580078125 117.861999511719 -947.526000976563 -2842.580078125 117.861999511719 947.526000976563 -910 50 4.2357700294815E-05 910 50 4.2357700294815E-05 2842.580078125 117.861999511719 -947.526000976563 910 50 -910 2842.580078125 117.861999511719 947.526000976563 -910 50 910 910 50 910 -2842.580078125 117.861999511719 2842.580078125 -947.526000976563 117.861999511719 2842.580078125 0 50 910 947.526000976563 117.861999511719 2842.580078125 910 50 910 2842.580078125 117.861999511719 2842.580078125 2842.580078125 117.861999511719 947.526000976563 </float_array>
          <technique_common>
            <accessor count="24" source="#ID58" stride="3">
              <param name="X" type="float" />
              <param name="Y" type="float" />
              <param name="Z" type="float" />
            </accessor>
          </technique_common>
        </source>
        <source id="ID59">
          <float_array id="ID60" count="48">-21.7075996398926 22.7075996398926 -6.58983993530273 7.58983993530273 -6.9025502204895 22.7075996398926 0.5 7.58983993530273 7.9025502204895 22.7075996398926 7.58983993530273 7.58983993530273 22.7075996398926 22.7075996398926 -21.7075996398926 7.9025502204895 22.7075996398926 7.9025502204895 -21.7075996398926 -6.9025502204895 -6.58983993530273 0.5 7.58983993530273 0.500002026557922 22.7075996398926 -6.90254020690918 7.58983993530273 -6.58983993530273 22.7075996398926 7.9025502204895 -6.58983993530273 -6.58983993530273 7.58983993530273 7.58984994888306 -21.7075996398926 -21.7075996398926 -6.9025502204895 -21.7075996398926 0.5 -6.58983993530273 7.9025502204895 -21.7075996398926 7.58983993530273 -6.58983993530273 22.7075996398926 -21.7075996398926 22.7075996398926 -6.9025502204895 </float_array>
          <technique_common>
            <accessor count="24" source="#ID60" stride="2">
              <param name="S" type="float" />
              <param name="T" type="float" />
            </accessor>
          </technique_common>
        </source>
        <source id="ID61">
          <float_array id="ID62" count="96">0.6 0.6 0.6 1 0.6 0.6 0.6 1 0.6 0.6 0.6 1 0.6 0.6 0.6 1 0.6 0.6 0.6 1 0.6 0.6 0.6 1 0.6 0.6 0.6 1 0.6 0.6 0.6 1 0.6 0.6 0.6 1 0.6 0.6 0.6 1 0.6 0.6 0.6 1 0.6 0.6 0.6 1 0.6 0.6 0.6 1 0.6 0.6 0.6 1 0.6 0.6 0.6 1 0.6 0.6 0.6 1 0.6 0.6 0.6 1 0.6 0.6 0.6 1 0.6 0.6 0.6 1 0.6 0.6 0.6 1 0.6 0.6 0.6 1 0.6 0.6 0.6 1 0.6 0.6 0.6 1 0.6 0.6 0.6 1 </float_array>
          <technique_common>
            <accessor count="24" source="#ID62" stride="4">
              <param name="R" type="float" />
              <param name="G" type="float" />
              <param name="B" type="float" />
              <param name="A" type="float" />
            </accessor>
          </technique_common>
        </source>
        <vertices id="ID56">
          <input semantic="POSITION" source="#ID57" />
        </vertices>
        <triangles count="1" material="Bagb_grass">
          <input offset="0" semantic="VERTEX" source="#ID56" />
          <input offset="1" semantic="TEXCOORD" source="#ID59" />
          <input offset="2" semantic="COLOR" source="#ID61" />
          <p>0 0 0 1 1 1 2 2 2 </p>
        </triangles>
        <triangles count="1" material="Bagb_grass">
          <input offset="0" semantic="VERTEX" source="#ID56" />
          <input offset="1" semantic="TEXCOORD" source="#ID59" />
          <input offset="2" semantic="COLOR" source="#ID61" />
          <p>9 9 9 10 10 10 7 7 7 </p>
        </triangles>
        <triangles count="1" material="Bagb_grass">
          <input offset="0" semantic="VERTEX" source="#ID56" />
          <input offset="1" semantic="TEXCOORD" source="#ID59" />
          <input offset="2" semantic="COLOR" source="#ID61" />
          <p>7 7 7 10 10 10 1 1 1 </p>
        </triangles>
        <triangles count="1" material="Bagb_grass">
          <input offset="0" semantic="VERTEX" source="#ID56" />
          <input offset="1" semantic="TEXCOORD" source="#ID59" />
          <input offset="2" semantic="COLOR" source="#ID61" />
          <p>2 2 2 3 3 3 4 4 4 </p>
        </triangles>
        <triangles count="2" material="Bagb_grass">
          <input offset="0" semantic="VERTEX" source="#ID56" />
          <input offset="1" semantic="TEXCOORD" source="#ID59" />
          <input offset="2" semantic="COLOR" source="#ID61" />
          <p>11 11 11 12 12 12 13 13 13 11 11 11 14 14 14 12 12 12 </p>
        </triangles>
        <triangles count="1" material="Bagb_grass">
          <input offset="0" semantic="VERTEX" source="#ID56" />
          <input offset="1" semantic="TEXCOORD" source="#ID59" />
          <input offset="2" semantic="COLOR" source="#ID61" />
          <p>9 9 9 15 15 15 10 10 10 </p>
        </triangles>
        <triangles count="1" material="Bagb_grass">
          <input offset="0" semantic="VERTEX" source="#ID56" />
          <input offset="1" semantic="TEXCOORD" source="#ID59" />
          <input offset="2" semantic="COLOR" source="#ID61" />
          <p>16 16 16 14 14 14 11 11 11 </p>
        </triangles>
        <triangles count="1" material="Bagb_grass">
          <input offset="0" semantic="VERTEX" source="#ID56" />
          <input offset="1" semantic="TEXCOORD" source="#ID59" />
          <input offset="2" semantic="COLOR" source="#ID61" />
          <p>17 17 17 15 15 15 9 9 9 </p>
        </triangles>
        <triangles count="1" material="Bagb_grass">
          <input offset="0" semantic="VERTEX" source="#ID56" />
          <input offset="1" semantic="TEXCOORD" source="#ID59" />
          <input offset="2" semantic="COLOR" source="#ID61" />
          <p>18 18 18 19 19 19 15 15 15 </p>
        </triangles>
        <triangles count="1" material="Bagb_grass">
          <input offset="0" semantic="VERTEX" source="#ID56" />
          <input offset="1" semantic="TEXCOORD" source="#ID59" />
          <input offset="2" semantic="COLOR" source="#ID61" />
          <p>19 19 19 20 20 20 21 21 21 </p>
        </triangles>
        <triangles count="1" material="Bagb_grass">
          <input offset="0" semantic="VERTEX" source="#ID56" />
          <input offset="1" semantic="TEXCOORD" source="#ID59" />
          <input offset="2" semantic="COLOR" source="#ID61" />
          <p>21 21 21 22 22 22 23 23 23 </p>
        </triangles>
        <triangles count="1" material="Bagb_grass">
          <input offset="0" semantic="VERTEX" source="#ID56" />
          <input offset="1" semantic="TEXCOORD" source="#ID59" />
          <input offset="2" semantic="COLOR" source="#ID61" />
          <p>17 17 17 18 18 18 15 15 15 </p>
        </triangles>
        <triangles count="1" material="Bagb_grass">
          <input offset="0" semantic="VERTEX" source="#ID56" />
          <input offset="1" semantic="TEXCOORD" source="#ID59" />
          <input offset="2" semantic="COLOR" source="#ID61" />
          <p>18 18 18 20 20 20 19 19 19 </p>
        </triangles>
        <triangles count="1" material="Bagb_grass">
          <input offset="0" semantic="VERTEX" source="#ID56" />
          <input offset="1" semantic="TEXCOORD" source="#ID59" />
          <input offset="2" semantic="COLOR" source="#ID61" />
          <p>20 20 20 22 22 22 21 21 21 </p>
        </triangles>
        <triangles count="1" material="Bagb_grass">
          <input offset="0" semantic="VERTEX" source="#ID56" />
          <input offset="1" semantic="TEXCOORD" source="#ID59" />
          <input offset="2" semantic="COLOR" source="#ID61" />
          <p>5 5 5 6 6 6 4 4 4 </p>
        </triangles>
        <triangles count="1" material="Bagb_grass">
          <input offset="0" semantic="VERTEX" source="#ID56" />
          <input offset="1" semantic="TEXCOORD" source="#ID59" />
          <input offset="2" semantic="COLOR" source="#ID61" />
          <p>7 7 7 1 1 1 0 0 0 </p>
        </triangles>
        <triangles count="1" material="Bagb_grass">
          <input offset="0" semantic="VERTEX" source="#ID56" />
          <input offset="1" semantic="TEXCOORD" source="#ID59" />
          <input offset="2" semantic="COLOR" source="#ID61" />
          <p>1 1 1 3 3 3 2 2 2 </p>
        </triangles>
        <triangles count="1" material="Bagb_grass">
          <input offset="0" semantic="VERTEX" source="#ID56" />
          <input offset="1" semantic="TEXCOORD" source="#ID59" />
          <input offset="2" semantic="COLOR" source="#ID61" />
          <p>4 4 4 3 3 3 5 5 5 </p>
        </triangles>
        <triangles count="1" material="Bagb_grass">
          <input offset="0" semantic="VERTEX" source="#ID56" />
          <input offset="1" semantic="TEXCOORD" source="#ID59" />
          <input offset="2" semantic="COLOR" source="#ID61" />
          <p>5 5 5 8 8 8 6 6 6 </p>
        </triangles>
      </mesh>
    </geometry>
    <geometry id="ID63">
      <mesh>
        <source id="ID65">
          <float_array id="ID66" count="330">-909.843994140625 50.0344009399414 -929.976013183594 -930.068969726563 49.9967994689941 -929.89599609375 -909.843994140625 70.2844009399414 -929.976013183594 -930.068969726563 70.2468032836914 -929.89599609375 -909.843994140625 70.2844009399414 -929.976013183594 -930.068969726563 70.2468032836914 -929.89599609375 -910 70.2844009399414 -910 -930.068969726563 70.2468032836914 -909.859008789063 -930.068969726563 70.2468032836914 -929.89599609375 -930.068969726563 49.9967994689941 -929.89599609375 -930.068969726563 70.2468032836914 -909.859008789063 -930.068969726563 49.9967994689941 -908.762023925781 -909.843994140625 70.2844009399414 -929.976013183594 -910 70.2844009399414 -910 0.0344237983226776 70.2844009399414 -930.036987304688 0 70.2844009399414 -910 0.0344237983226776 70.2844009399414 -930.036987304688 0.034484900534153 50.0344009399414 -930.036987304688 -909.843994140625 70.2844009399414 -929.976013183594 -909.843994140625 50.0344009399414 -929.976013183594 0 50 -910 0 70.2844009399414 -910 -910 50 -910 -910 70.2844009399414 -910 910 70.2844009399414 -910 910 50 -910 909.913024902344 50.0344009399414 -930.098022460938 909.913024902344 70.2844009399414 -930.098022460938 909.913024902344 70.2844009399414 -930.098022460938 910 70.2844009399414 -910 930.163024902344 50.0344009399414 -930.098999023438 930.163024902344 70.2844009399414 -930.098999023438 930.163024902344 70.2844009399414 -909.528991699219 930.163024902344 50.0344009399414 -910.091003417969 930.163024902344 70.2844009399414 -930.098999023438 930.163024902344 50.0344009399414 -930.098999023438 930.163024902344 70.2844009399414 -909.528991699219 930.163024902344 70.2844009399414 -930.098999023438 -930.068969726563 70.2468032836914 -909.859008789063 -930.068969726563 70.2468032836914 0.224456995725632 -930.068969726563 49.9967994689941 0.867888987064362 -910 70.2844009399414 -910 -930.068969726563 70.2468032836914 -909.859008789063 -910 70.2656021118164 0 -930.068969726563 70.2468032836914 0.224456995725632 -910 70.2656021118164 0 -910 50 4.2357700294815E-05 -910 70.2844009399414 -910 -910 50 -910 910 50 -910 910 50 4.2357700294815E-05 910 70.2844009399414 -910 910 70.2844009399414 0 930.163024902344 70.2844009399414 0.129485994577408 930.163024902344 50.0344009399414 -0.41745001077652 930.163024902344 70.2844009399414 -909.528991699219 930.163024902344 50.0344009399414 -910.091003417969 910 70.2844009399414 0 930.163024902344 70.2844009399414 0.129485994577408 910 70.2844009399414 -910 930.163024902344 70.2844009399414 -909.528991699219 -910 70.2468032836914 910 -910 50 910 -910 70.2468032836914 910 -930.068969726563 70.2468032836914 910.307983398438 -930.068969726563 70.2468032836914 910.307983398438 -930.068969726563 49.9967994689941 910.497985839844 930.163024902344 70.2844009399414 909.788024902344 910 70.2844009399414 910 930.163024902344 50.0344009399414 909.255981445313 930.163024902344 70.2844009399414 909.788024902344 910 70.2844009399414 910 910 50 910 -930.068969726563 49.9967994689941 930.507019042969 -909.963989257813 50.0344009399414 930.302001953125 -930.068969726563 70.2468032836914 930.507019042969 -909.963989257813 70.2844009399414 930.302001953125 -930.068969726563 70.2468032836914 930.507019042969 -930.068969726563 49.9967994689941 930.507019042969 -910 70.2468032836914 910 -930.068969726563 70.2468032836914 910.307983398438 -909.963989257813 70.2844009399414 930.302001953125 -930.068969726563 70.2468032836914 930.507019042969 -910 70.2468032836914 910 0 70.2656021118164 910 -910 50 910 0 50 910 0.0993347018957138 50.0344009399414 930.302001953125 0.09930419921875 70.2844009399414 930.302001953125 0.09930419921875 70.2844009399414 930.302001953125 0 70.2656021118164 910 -909.963989257813 70.2844009399414 930.302001953125 -910 70.2468032836914 910 910.163024902344 70.2844009399414 930.302001953125 910 70.2844009399414 910 910.163024902344 70.2844009399414 930.302001953125 910.163024902344 50.0344009399414 930.302001953125 910 50 910 910 70.2844009399414 910 910.163024902344 50.0344009399414 930.302001953125 930.163024902344 50.0344009399414 930.098022460938 910.163024902344 70.2844009399414 930.302001953125 930.163024902344 70.2844009399414 930.098022460938 910.163024902344 70.2844009399414 930.302001953125 930.163024902344 70.2844009399414 930.098022460938 910 70.2844009399414 910 930.163024902344 70.2844009399414 909.788024902344 930.163024902344 70.2844009399414 930.098022460938 930.163024902344 50.0344009399414 930.098022460938 930.163024902344 70.2844009399414 909.788024902344 </float_array>
          <technique_common>
            <accessor count="110" source="#ID66" stride="3">
              <param name="X" type="float" />
              <param name="Y" type="float" />
              <param name="Z" type="float" />
            </accessor>
          </technique_common>
        </source>
        <source id="ID67">
          <float_array id="ID68" count="220">0.943100988864899 1.00847995281219 0.999387979507446 1.00847995281219 0.943100988864899 1.50777995586395 0.999387979507446 1.50777995586395 0.943100988864899 1.00847995281219 0.999387979507446 1.00847995281219 0.943100988864899 1.50777995586395 0.999387979507446 1.50777995586395 0.943100988864899 1.48203003406525 0.943100988864899 1.00847995281219 0.999387979507446 1.48203003406525 0.999387979507446 1.00847995281219 23.8122997283936 1.00847995281219 23.8122997283936 1.50777995586395 20.6863994598389 1.00847995281219 20.6863994598389 1.50777995586395 20.6863994598389 1.50777995586395 20.6863994598389 1.00847995281219 23.8122997283936 1.50777995586395 23.8122997283936 1.00847995281219 20.6867008209229 1.00847995281219 20.6867008209229 1.50777995586395 23.8122997283936 1.00847995281219 23.8122997283936 1.50777995586395 17.5611000061035 1.50777995586395 17.5611000061035 1.00847995281219 17.5606002807617 1.00847995281219 17.5606002807617 1.50777995586395 17.5606002807617 1.00847995281219 17.5606002807617 1.50777995586395 17.5 1.00847995281219 17.5 1.50777995586395 17.5 1.50777995586395 17.5 1.00847995281219 17.5606002807617 1.50777995586395 17.5606002807617 1.00847995281219 17.5020999908447 1.50777995586395 17.5020999908447 1.00847995281219 0.999387979507446 1.50777995586395 3.87525010108948 1.50777995586395 3.87551999092102 1.00847995281219 0.999387979507446 1.50777995586395 0.999387979507446 1.00847995281219 3.87509989738464 1.50777995586395 3.87525010108948 1.00847995281219 3.87509989738464 1.50777995586395 3.87450003623962 1.00847995281219 0.999387979507446 1.50777995586395 0.999387979507446 1.00847995281219 17.4983005523682 1.00847995281219 14.8447999954224 1.00847995281219 17.4983005523682 1.50777995586395 14.8447999954224 1.50777995586395 14.8447999954224 1.50777995586395 14.8447999954224 1.00847995281219 17.4983005523682 1.50777995586395 17.4983005523682 1.00847995281219 14.8447999954224 1.50777995586395 14.8447999954224 1.00847995281219 17.4983005523682 1.50777995586395 17.4983005523682 1.00847995281219 6.75 1.50777995586395 6.75 1.00847995281219 6.75 1.50777995586395 6.75 1.00847995281219 6.75 1.50777995586395 6.75 1.00847995281219 12.1885004043579 1.00847995281219 12.1885004043579 1.50777995586395 12.1885004043579 1.00847995281219 12.1885004043579 1.50777995586395 12.1885004043579 1.50777995586395 12.1885004043579 1.00847995281219 6.75107002258301 1.00847995281219 6.8139500617981 1.00847995281219 6.75107002258301 1.50777995586395 6.8139500617981 1.50777995586395 6.8139500617981 1.50777995586395 6.8139500617981 1.00847995281219 6.81180000305176 1.50777995586395 6.75215005874634 1.50777995586395 6.81180000305176 1.00847995281219 6.75215005874634 1.00847995281219 6.8139500617981 1.50777995586395 9.47152042388916 1.50777995586395 6.8139500617981 1.00847995281219 9.47284030914307 1.00847995281219 9.47257041931152 1.00847995281219 9.47257041931152 1.50777995586395 9.47245979309082 1.00847995281219 9.47245979309082 1.50777995586395 6.8139500617981 1.00847995281219 6.8139500617981 1.50777995586395 12.1243000030518 1.00847995281219 12.1243000030518 1.50777995586395 12.1243000030518 1.50777995586395 12.1243000030518 1.00847995281219 12.1243000030518 1.00847995281219 12.1243000030518 1.50777995586395 12.128399848938 1.00847995281219 12.1885995864868 1.00847995281219 12.128399848938 1.50777995586395 12.1864004135132 1.50777995586395 12.1885995864868 1.50777995586395 12.1885995864868 1.00847995281219 12.128399848938 1.50777995586395 12.1305999755859 1.00847995281219 12.128399848938 1.50777995586395 12.128399848938 1.00847995281219 12.1864004135132 1.50777995586395 </float_array>
          <technique_common>
            <accessor count="110" source="#ID68" stride="2">
              <param name="S" type="float" />
              <param name="T" type="float" />
            </accessor>
          </technique_common>
        </source>
        <source id="ID69">
          <float_array id="ID70" count="440">0.376470588235294 0.376470588235294 0.376470588235294 1 0.376470588235294 0.376470588235294 0.376470588235294 1 0.376470588235294 0.376470588235294 0.376470588235294 1 0.376470588235294 0.376470588235294 0.376470588235294 1 0.650980392156863 0.650980392156863 0.650980392156863 1 0.650980392156863 0.650980392156863 0.650980392156863 1 0.650980392156863 0.650980392156863 0.650980392156863 1 0.650980392156863 0.650980392156863 0.650980392156863 1 0.376470588235294 0.376470588235294 0.376470588235294 1 0.376470588235294 0.376470588235294 0.376470588235294 1 0.376470588235294 0.376470588235294 0.376470588235294 1 0.376470588235294 0.376470588235294 0.376470588235294 1 0.650980392156863 0.650980392156863 0.650980392156863 1 0.650980392156863 0.650980392156863 0.650980392156863 1 0.650980392156863 0.650980392156863 0.650980392156863 1 0.650980392156863 0.650980392156863 0.650980392156863 1 0.376470588235294 0.376470588235294 0.376470588235294 1 0.376470588235294 0.376470588235294 0.376470588235294 1 0.376470588235294 0.376470588235294 0.376470588235294 1 0.376470588235294 0.376470588235294 0.376470588235294 1 0.4 0.4 0.4 1 0.4 0.4 0.4 1 0.4 0.4 0.4 1 0.4 0.4 0.4 1 0.4 0.4 0.4 1 0.4 0.4 0.4 1 0.376470588235294 0.376470588235294 0.376470588235294 1 0.376470588235294 0.376470588235294 0.376470588235294 1 0.650980392156863 0.650980392156863 0.650980392156863 1 0.650980392156863 0.650980392156863 0.650980392156863 1 0.376470588235294 0.376470588235294 0.376470588235294 1 0.376470588235294 0.376470588235294 0.376470588235294 1 0.376470588235294 0.376470588235294 0.376470588235294 1 0.376470588235294 0.376470588235294 0.376470588235294 1 0.376470588235294 0.376470588235294 0.376470588235294 1 0.376470588235294 0.376470588235294 0.376470588235294 1 0.650980392156863 0.650980392156863 0.650980392156863 1 0.650980392156863 0.650980392156863 0.650980392156863 1 0.376470588235294 0.376470588235294 0.376470588235294 1 0.337254901960784 0.337254901960784 0.337254901960784 1 0.376470588235294 0.376470588235294 0.376470588235294 1 0.650980392156863 0.650980392156863 0.650980392156863 1 0.650980392156863 0.650980392156863 0.650980392156863 1 0.650980392156863 0.650980392156863 0.650980392156863 1 0.611764705882353 0.611764705882353 0.611764705882353 1 0.4 0.4 0.4 1 0.4 0.4 0.4 1 0.4 0.4 0.4 1 0.4 0.4 0.4 1 0.4 0.4 0.4 1 0.4 0.4 0.4 1 0.4 0.4 0.4 1 0.4 0.4 0.4 1 0.376470588235294 0.376470588235294 0.376470588235294 1 0.376470588235294 0.376470588235294 0.376470588235294 1 0.376470588235294 0.376470588235294 0.376470588235294 1 0.376470588235294 0.376470588235294 0.376470588235294 1 0.650980392156863 0.650980392156863 0.650980392156863 1 0.650980392156863 0.650980392156863 0.650980392156863 1 0.650980392156863 0.650980392156863 0.650980392156863 1 0.650980392156863 0.650980392156863 0.650980392156863 1 0.4 0.4 0.4 1 0.4 0.4 0.4 1 0.650980392156863 0.650980392156863 0.650980392156863 1 0.576470588235294 0.576470588235294 0.576470588235294 1 0.301960784313725 0.301960784313725 0.301960784313725 1 0.376470588235294 0.376470588235294 0.376470588235294 1 0.650980392156863 0.650980392156863 0.650980392156863 1 0.650980392156863 0.650980392156863 0.650980392156863 1 0.376470588235294 0.376470588235294 0.376470588235294 1 0.376470588235294 0.376470588235294 0.376470588235294 1 0.4 0.4 0.4 1 0.4 0.4 0.4 1 0.376470588235294 0.376470588235294 0.376470588235294 1 0.376470588235294 0.376470588235294 0.376470588235294 1 0.301960784313725 0.301960784313725 0.301960784313725 1 0.376470588235294 0.376470588235294 0.376470588235294 1 0.301960784313725 0.301960784313725 0.301960784313725 1 0.376470588235294 0.376470588235294 0.376470588235294 1 0.650980392156863 0.650980392156863 0.650980392156863 1 0.576470588235294 0.576470588235294 0.576470588235294 1 0.650980392156863 0.650980392156863 0.650980392156863 1 0.576470588235294 0.576470588235294 0.576470588235294 1 0.4 0.4 0.4 1 0.4 0.4 0.4 1 0.4 0.4 0.4 1 0.4 0.4 0.4 1 0.376470588235294 0.376470588235294 0.376470588235294 1 0.376470588235294 0.376470588235294 0.376470588235294 1 0.650980392156863 0.650980392156863 0.650980392156863 1 0.650980392156863 0.650980392156863 0.650980392156863 1 0.650980392156863 0.650980392156863 0.650980392156863 1 0.650980392156863 0.650980392156863 0.650980392156863 1 0.650980392156863 0.650980392156863 0.650980392156863 1 0.650980392156863 0.650980392156863 0.650980392156863 1 0.376470588235294 0.376470588235294 0.376470588235294 1 0.376470588235294 0.376470588235294 0.376470588235294 1 0.4 0.4 0.4 1 0.4 0.4 0.4 1 0.376470588235294 0.376470588235294 0.376470588235294 1 0.376470588235294 0.376470588235294 0.376470588235294 1 0.376470588235294 0.376470588235294 0.376470588235294 1 0.376470588235294 0.376470588235294 0.376470588235294 1 0.650980392156863 0.650980392156863 0.650980392156863 1 0.650980392156863 0.650980392156863 0.650980392156863 1 0.650980392156863 0.650980392156863 0.650980392156863 1 0.650980392156863 0.650980392156863 0.650980392156863 1 0.376470588235294 0.376470588235294 0.376470588235294 1 0.376470588235294 0.376470588235294 0.376470588235294 1 0.376470588235294 0.376470588235294 0.376470588235294 1 </float_array>
          <technique_common>
            <accessor count="110" source="#ID70" stride="4">
              <param name="R" type="float" />
              <param name="G" type="float" />
              <param name="B" type="float" />
              <param name="A" type="float" />
            </accessor>
          </technique_common>
        </source>
        <vertices id="ID64">
          <input semantic="POSITION" source="#ID65" />
        </vertices>
        <triangles count="6" material="Bagb_block_top">
          <input offset="0" semantic="VERTEX" source="#ID64" />
          <input offset="1" semantic="TEXCOORD" source="#ID67" />
          <input offset="2" semantic="COLOR" source="#ID69" />
          <p>0 0 0 1 1 1 2 2 2 1 1 1 3 3 3 2 2 2 4 4 4 5 5 5 6 6 6 6 6 6 5 5 5 7 7 7 8 8 8 9 9 9 10 10 10 9 9 9 11 11 11 10 10 10 </p>
        </triangles>
        <triangles count="6" material="Bagb_block_top">
          <input offset="0" semantic="VERTEX" source="#ID64" />
          <input offset="1" semantic="TEXCOORD" source="#ID67" />
          <input offset="2" semantic="COLOR" source="#ID69" />
          <p>12 12 12 13 13 13 14 14 14 13 13 13 15 15 15 14 14 14 16 16 16 17 17 17 18 18 18 17 17 17 19 19 19 18 18 18 20 20 20 21 21 21 22 22 22 21 21 21 23 23 23 22 22 22 </p>
        </triangles>
        <triangles count="6" material="Bagb_block_top">
          <input offset="0" semantic="VERTEX" source="#ID64" />
          <input offset="1" semantic="TEXCOORD" source="#ID67" />
          <input offset="2" semantic="COLOR" source="#ID69" />
          <p>24 24 24 21 21 21 25 25 25 21 21 21 20 20 20 25 25 25 26 26 26 17 17 17 27 27 27 17 17 17 16 16 16 27 27 27 14 14 14 15 15 15 28 28 28 15 15 15 29 29 29 28 28 28 </p>
        </triangles>
        <triangles count="6" material="Bagb_block_top">
          <input offset="0" semantic="VERTEX" source="#ID64" />
          <input offset="1" semantic="TEXCOORD" source="#ID67" />
          <input offset="2" semantic="COLOR" source="#ID69" />
          <p>30 30 30 26 26 26 31 31 31 26 26 26 27 27 27 31 31 31 32 32 32 33 33 33 34 34 34 33 33 33 35 35 35 34 34 34 29 29 29 36 36 36 28 28 28 36 36 36 37 37 37 28 28 28 </p>
        </triangles>
        <triangles count="6" material="Bagb_block_top">
          <input offset="0" semantic="VERTEX" source="#ID64" />
          <input offset="1" semantic="TEXCOORD" source="#ID67" />
          <input offset="2" semantic="COLOR" source="#ID69" />
          <p>38 38 38 11 11 11 39 39 39 11 11 11 40 40 40 39 39 39 41 41 41 42 42 42 43 43 43 42 42 42 44 44 44 43 43 43 45 45 45 46 46 46 47 47 47 46 46 46 48 48 48 47 47 47 </p>
        </triangles>
        <triangles count="6" material="Bagb_block_top">
          <input offset="0" semantic="VERTEX" source="#ID64" />
          <input offset="1" semantic="TEXCOORD" source="#ID67" />
          <input offset="2" semantic="COLOR" source="#ID69" />
          <p>49 49 49 50 50 50 51 51 51 50 50 50 52 52 52 51 51 51 53 53 53 54 54 54 55 55 55 54 54 54 56 56 56 55 55 55 57 57 57 58 58 58 59 59 59 58 58 58 60 60 60 59 59 59 </p>
        </triangles>
        <triangles count="6" material="Bagb_block_top">
          <input offset="0" semantic="VERTEX" source="#ID64" />
          <input offset="1" semantic="TEXCOORD" source="#ID67" />
          <input offset="2" semantic="COLOR" source="#ID69" />
          <p>61 61 61 62 62 62 45 45 45 62 62 62 46 46 46 45 45 45 43 43 43 44 44 44 63 63 63 44 44 44 64 64 64 63 63 63 39 39 39 40 40 40 65 65 65 40 40 40 66 66 66 65 65 65 </p>
        </triangles>
        <triangles count="6" material="Bagb_block_top">
          <input offset="0" semantic="VERTEX" source="#ID64" />
          <input offset="1" semantic="TEXCOORD" source="#ID67" />
          <input offset="2" semantic="COLOR" source="#ID69" />
          <p>67 67 67 58 58 58 68 68 68 58 58 58 57 57 57 68 68 68 69 69 69 54 54 54 70 70 70 54 54 54 53 53 53 70 70 70 52 52 52 50 50 50 71 71 71 50 50 50 72 72 72 71 71 71 </p>
        </triangles>
        <triangles count="6" material="Bagb_block_top">
          <input offset="0" semantic="VERTEX" source="#ID64" />
          <input offset="1" semantic="TEXCOORD" source="#ID67" />
          <input offset="2" semantic="COLOR" source="#ID69" />
          <p>73 73 73 74 74 74 75 75 75 74 74 74 76 76 76 75 75 75 65 65 65 66 66 66 77 77 77 66 66 66 78 78 78 77 77 77 79 79 79 80 80 80 81 81 81 80 80 80 82 82 82 81 81 81 </p>
        </triangles>
        <triangles count="6" material="Bagb_block_top">
          <input offset="0" semantic="VERTEX" source="#ID64" />
          <input offset="1" semantic="TEXCOORD" source="#ID67" />
          <input offset="2" semantic="COLOR" source="#ID69" />
          <p>83 83 83 84 84 84 85 85 85 84 84 84 86 86 86 85 85 85 74 74 74 87 87 87 76 76 76 87 87 87 88 88 88 76 76 76 89 89 89 90 90 90 91 91 91 90 90 90 92 92 92 91 91 91 </p>
        </triangles>
        <triangles count="6" material="Bagb_block_top">
          <input offset="0" semantic="VERTEX" source="#ID64" />
          <input offset="1" semantic="TEXCOORD" source="#ID67" />
          <input offset="2" semantic="COLOR" source="#ID69" />
          <p>93 93 93 94 94 94 89 89 89 94 94 94 90 90 90 89 89 89 88 88 88 87 87 87 95 95 95 87 87 87 96 96 96 95 95 95 86 86 86 84 84 84 97 97 97 84 84 84 98 98 98 97 97 97 </p>
        </triangles>
        <triangles count="6" material="Bagb_block_top">
          <input offset="0" semantic="VERTEX" source="#ID64" />
          <input offset="1" semantic="TEXCOORD" source="#ID67" />
          <input offset="2" semantic="COLOR" source="#ID69" />
          <p>99 99 99 100 100 100 101 101 101 100 100 100 102 102 102 101 101 101 103 103 103 104 104 104 105 105 105 104 104 104 106 106 106 105 105 105 107 107 107 108 108 108 109 109 109 108 108 108 69 69 69 109 109 109 </p>
        </triangles>
      </mesh>
    </geometry>
    <geometry id="ID71">
      <mesh>
        <source id="ID73">
          <float_array id="ID74" count="216">-910 50 -910 -709.171020507813 49.9900016784668 -707.486999511719 0 50 -910 -120 49.9900016784668 -707.486999511719 120 49.9900016784668 -708.004028320313 910 50 -910 708.041015625 49.9900016784668 -708.004028320313 -910 50 0 -709.171020507813 49.9900016784668 -120 -706.622985839844 49.9897994995117 120 -694.169982910156 49.9900016784668 -120 120 49.9900016784668 -491.860992431641 120 49.9900016784668 -506.860992431641 -120 49.9900016784668 -492.153015136719 -120 49.9900016784668 -507.153015136719 120 49.9900016784668 -693.004028320313 -120 49.9900016784668 -692.486999511719 -492.924011230469 49.9900016784668 -120 -507.924011230469 49.9900016784668 -120 -493.161987304688 49.9897994995117 120 -508.161987304688 49.9897994995117 120 -507.924011230469 49.9900016784668 -507.153015136719 -694.067016601563 49.9900016784668 -692.486999511719 200.003997802734 50 -221.199005126953 120 49.9900016784668 -491.860992431641 -199.600006103516 50 -221.199005126953 -120 49.9900016784668 -492.153015136719 -493.161987304688 49.9897994995117 120 -221.199005126953 50 -199.434005737305 -492.924011230469 49.9900016784668 -120 -492.924011230469 49.9900016784668 -492.153015136719 492.654998779297 49.9900016784668 120 506.673004150391 49.9900016784668 -120 491.673004150391 49.9900016784668 -120 693.041015625 49.9900016784668 -120 693.041015625 49.9900016784668 -692.901000976563 506.673004150391 49.9900016784668 -506.860992431641 507.654998779297 49.9900016784668 120 491.673004150391 49.9900016784668 -491.860992431641 491.673004150391 49.9900016784668 -120 221.199005126953 50 -199.434005737305 492.654998779297 49.9900016784668 120 910 50 3.05175999528728E-05 708.041015625 49.9900016784668 -120 -910 50 910 -706.622985839844 49.9897994995117 707.898010253906 -691.622985839844 49.9897994995117 120 120 49.9900016784668 708.533020019531 120 49.9900016784668 693.533020019531 -120 49.9897994995117 707.898010253906 -120 49.9897994995117 692.898010253906 120 49.9900016784668 507.696014404297 -120 49.9897994995117 492.14599609375 -120 49.9897994995117 507.14599609375 120 49.9900016784668 492.695007324219 -691.622985839844 49.9897994995117 692.794982910156 -508.161987304688 49.9897994995117 507.14599609375 199.602996826172 50 221.199005126953 -200.001007080078 50 221.199005126953 120 49.9900016784668 492.695007324219 -120 49.9897994995117 492.14599609375 -221.199005126953 50 199.768997192383 -493.161987304688 49.9897994995117 492.14599609375 692.068969726563 49.9900016784668 120 691.966003417969 49.9900016784668 693.533020019531 507.654998779297 49.9900016784668 507.696014404297 707.068969726563 49.9900016784668 120 221.199005126953 50 200.169998168945 492.654998779297 49.9900016784668 492.696014404297 910 50.0344009399414 910 707.068969726563 49.9900016784668 708.533020019531 0 50 910 </float_array>
          <technique_common>
            <accessor count="72" source="#ID74" stride="3">
              <param name="X" type="float" />
              <param name="Y" type="float" />
              <param name="Z" type="float" />
            </accessor>
          </technique_common>
        </source>
        <source id="ID75">
          <float_array id="ID76" count="144">-15.6217002868652 16.6217002868652 -12.06369972229 13.0339002609253 0.5 16.6217002868652 -1.62592995166779 13.0339002609253 2.62593007087708 13.0431003570557 16.6217002868652 16.6217002868652 13.0437002182007 13.0431003570557 -15.6217002868652 0.5 -12.06369972229 2.62593007087708 -12.0186004638672 -1.62592995166779 -11.7980003356934 2.62593007087708 2.62593007087708 9.21385955810547 2.62593007087708 9.47959995269775 -1.62592995166779 9.21903991699219 -1.62592995166779 9.48478031158447 2.62593007087708 12.7772998809814 -1.62592995166779 12.7681999206543 -8.23268985748291 2.62593007087708 -8.49843978881836 2.62593007087708 -8.23690986633301 -1.62592995166779 -8.50265026092529 -1.62592995166779 -8.49843978881836 9.48478031158447 -11.796199798584 12.7681999206543 3.95092010498047 4.3166298866272 2.57863998413086 9.01467990875244 -2.94394993782043 4.3166298866272 -1.576740026474 9.01321983337402 -8.02684020996094 -1.57564997673035 -3.31662011146545 3.94108009338379 -8.02011013031006 2.57487988471985 -8.00376033782959 9.01315021514893 9.22791957855225 -1.62592995166779 9.47628021240234 2.62593007087708 9.21053028106689 2.62593007087708 12.7779998779297 2.62593007087708 12.7779998779297 12.7755002975464 9.47628021240234 9.47959995269775 9.49367046356201 -1.62592995166779 8.98344039916992 8.98668003082275 9.00570964813232 2.57696008682251 4.31661987304688 3.94108009338379 9.02577018737793 -1.5778900384903 16.6217002868652 0.5 13.0437002182007 2.62593007087708 -15.6217002868652 -15.6217002868652 -12.0186004638672 -12.0411996841431 -11.7529001235962 -1.62592995166779 2.62593007087708 -12.0524997711182 2.62593007087708 -11.7867002487183 -1.62592995166779 -12.0411996841431 -1.62592995166779 -11.7755002975464 2.62593007087708 -8.49438953399658 -1.62592995166779 -8.21891021728516 -1.62592995166779 -8.48464965820313 2.62593007087708 -8.22863960266113 -11.7529001235962 -11.7735996246338 -8.50265026092529 -8.48464965820313 3.94400000572205 -3.31662011146545 -2.95086002349854 -3.31662011146545 2.57585000991821 -8.01949977874756 -1.57815003395081 -8.01791000366211 -3.31662011146545 -2.94687008857727 -8.01700019836426 -8.00487041473389 12.7608003616333 -1.62592995166779 12.7588996887207 -11.7867002487183 9.49367046356201 -8.49438953399658 13.02649974823 -1.62592995166779 4.31661987304688 -2.95377993583679 8.99773979187012 -7.99661016464233 16.6217002868652 -15.6217002868652 13.02649974823 -12.0524997711182 0.5 -15.6217002868652 </float_array>
          <technique_common>
            <accessor count="72" source="#ID76" stride="2">
              <param name="S" type="float" />
              <param name="T" type="float" />
            </accessor>
          </technique_common>
        </source>
        <source id="ID77">
          <float_array id="ID78" count="288">0.619607843137255 0.619607843137255 0.619607843137255 1 0.619607843137255 0.619607843137255 0.619607843137255 1 0.619607843137255 0.619607843137255 0.619607843137255 1 0.619607843137255 0.619607843137255 0.619607843137255 1 0.619607843137255 0.619607843137255 0.619607843137255 1 0.619607843137255 0.619607843137255 0.619607843137255 1 0.619607843137255 0.619607843137255 0.619607843137255 1 0.619607843137255 0.619607843137255 0.619607843137255 1 0.619607843137255 0.619607843137255 0.619607843137255 1 0.619607843137255 0.619607843137255 0.619607843137255 1 0.619607843137255 0.619607843137255 0.619607843137255 1 0.619607843137255 0.619607843137255 0.619607843137255 1 0.619607843137255 0.619607843137255 0.619607843137255 1 0.619607843137255 0.619607843137255 0.619607843137255 1 0.619607843137255 0.619607843137255 0.619607843137255 1 0.619607843137255 0.619607843137255 0.619607843137255 1 0.619607843137255 0.619607843137255 0.619607843137255 1 0.619607843137255 0.619607843137255 0.619607843137255 1 0.619607843137255 0.619607843137255 0.619607843137255 1 0.619607843137255 0.619607843137255 0.619607843137255 1 0.619607843137255 0.619607843137255 0.619607843137255 1 0.619607843137255 0.619607843137255 0.619607843137255 1 0.619607843137255 0.619607843137255 0.619607843137255 1 0.619607843137255 0.619607843137255 0.619607843137255 1 0.619607843137255 0.619607843137255 0.619607843137255 1 0.619607843137255 0.619607843137255 0.619607843137255 1 0.619607843137255 0.619607843137255 0.619607843137255 1 0.619607843137255 0.619607843137255 0.619607843137255 1 0.619607843137255 0.619607843137255 0.619607843137255 1 0.619607843137255 0.619607843137255 0.619607843137255 1 0.619607843137255 0.619607843137255 0.619607843137255 1 0.619607843137255 0.619607843137255 0.619607843137255 1 0.619607843137255 0.619607843137255 0.619607843137255 1 0.619607843137255 0.619607843137255 0.619607843137255 1 0.619607843137255 0.619607843137255 0.619607843137255 1 0.619607843137255 0.619607843137255 0.619607843137255 1 0.619607843137255 0.619607843137255 0.619607843137255 1 0.619607843137255 0.619607843137255 0.619607843137255 1 0.619607843137255 0.619607843137255 0.619607843137255 1 0.619607843137255 0.619607843137255 0.619607843137255 1 0.619607843137255 0.619607843137255 0.619607843137255 1 0.619607843137255 0.619607843137255 0.619607843137255 1 0.619607843137255 0.619607843137255 0.619607843137255 1 0.619607843137255 0.619607843137255 0.619607843137255 1 0.619607843137255 0.619607843137255 0.619607843137255 1 0.619607843137255 0.619607843137255 0.619607843137255 1 0.619607843137255 0.619607843137255 0.619607843137255 1 0.619607843137255 0.619607843137255 0.619607843137255 1 0.619607843137255 0.619607843137255 0.619607843137255 1 0.619607843137255 0.619607843137255 0.619607843137255 1 0.619607843137255 0.619607843137255 0.619607843137255 1 0.619607843137255 0.619607843137255 0.619607843137255 1 0.619607843137255 0.619607843137255 0.619607843137255 1 0.619607843137255 0.619607843137255 0.619607843137255 1 0.619607843137255 0.619607843137255 0.619607843137255 1 0.619607843137255 0.619607843137255 0.619607843137255 1 0.619607843137255 0.619607843137255 0.619607843137255 1 0.619607843137255 0.619607843137255 0.619607843137255 1 0.619607843137255 0.619607843137255 0.619607843137255 1 0.619607843137255 0.619607843137255 0.619607843137255 1 0.619607843137255 0.619607843137255 0.619607843137255 1 0.619607843137255 0.619607843137255 0.619607843137255 1 0.619607843137255 0.619607843137255 0.619607843137255 1 0.619607843137255 0.619607843137255 0.619607843137255 1 0.619607843137255 0.619607843137255 0.619607843137255 1 0.619607843137255 0.619607843137255 0.619607843137255 1 0.619607843137255 0.619607843137255 0.619607843137255 1 0.619607843137255 0.619607843137255 0.619607843137255 1 0.619607843137255 0.619607843137255 0.619607843137255 1 0.619607843137255 0.619607843137255 0.619607843137255 1 0.619607843137255 0.619607843137255 0.619607843137255 1 0.619607843137255 0.619607843137255 0.619607843137255 1 </float_array>
          <technique_common>
            <accessor count="72" source="#ID78" stride="4">
              <param name="R" type="float" />
              <param name="G" type="float" />
              <param name="B" type="float" />
              <param name="A" type="float" />
            </accessor>
          </technique_common>
        </source>
        <vertices id="ID72">
          <input semantic="POSITION" source="#ID73" />
        </vertices>
        <triangles count="3" material="Bctr_road">
          <input offset="0" semantic="VERTEX" source="#ID72" />
          <input offset="1" semantic="TEXCOORD" source="#ID75" />
          <input offset="2" semantic="COLOR" source="#ID77" />
          <p>0 0 0 1 1 1 2 2 2 1 1 1 3 3 3 2 2 2 2 2 2 3 3 3 4 4 4 </p>
        </triangles>
        <triangles count="2" material="Bctr_road">
          <input offset="0" semantic="VERTEX" source="#ID72" />
          <input offset="1" semantic="TEXCOORD" source="#ID75" />
          <input offset="2" semantic="COLOR" source="#ID77" />
          <p>5 5 5 2 2 2 6 6 6 4 4 4 6 6 6 2 2 2 </p>
        </triangles>
        <triangles count="3" material="Bctr_road">
          <input offset="0" semantic="VERTEX" source="#ID72" />
          <input offset="1" semantic="TEXCOORD" source="#ID75" />
          <input offset="2" semantic="COLOR" source="#ID77" />
          <p>0 0 0 7 7 7 1 1 1 1 1 1 7 7 7 8 8 8 8 8 8 9 9 9 10 10 10 </p>
        </triangles>
        <triangles count="18" material="Bctr_road">
          <input offset="0" semantic="VERTEX" source="#ID72" />
          <input offset="1" semantic="TEXCOORD" source="#ID75" />
          <input offset="2" semantic="COLOR" source="#ID77" />
          <p>11 11 11 12 12 12 13 13 13 13 13 13 12 12 12 14 14 14 12 12 12 15 15 15 14 14 14 16 16 16 14 14 14 15 15 15 3 3 3 16 16 16 15 15 15 4 4 4 3 3 3 15 15 15 17 17 17 18 18 18 19 19 19 18 18 18 10 10 10 20 20 20 18 18 18 21 21 21 10 10 10 10 10 10 21 21 21 22 22 22 21 21 21 16 16 16 22 22 22 14 14 14 16 16 16 21 21 21 23 23 23 24 24 24 25 25 25 24 24 24 26 26 26 25 25 25 26 26 26 30 30 30 25 25 25 28 28 28 25 25 25 30 30 30 29 29 29 28 28 28 30 30 30 27 27 27 28 28 28 29 29 29 </p>
        </triangles>
        <triangles count="10" material="Bctr_road">
          <input offset="0" semantic="VERTEX" source="#ID72" />
          <input offset="1" semantic="TEXCOORD" source="#ID75" />
          <input offset="2" semantic="COLOR" source="#ID77" />
          <p>31 31 31 32 32 32 33 33 33 34 34 34 36 36 36 32 32 32 34 34 34 35 35 35 36 36 36 35 35 35 15 15 15 36 36 36 36 36 36 15 15 15 12 12 12 37 37 37 34 34 34 32 32 32 24 24 24 23 23 23 38 38 38 38 38 38 23 23 23 40 40 40 39 39 39 38 38 38 40 40 40 41 41 41 39 39 39 40 40 40 </p>
        </triangles>
        <triangles count="2" material="Bctr_road">
          <input offset="0" semantic="VERTEX" source="#ID72" />
          <input offset="1" semantic="TEXCOORD" source="#ID75" />
          <input offset="2" semantic="COLOR" source="#ID77" />
          <p>5 5 5 6 6 6 42 42 42 6 6 6 43 43 43 42 42 42 </p>
        </triangles>
        <triangles count="4" material="Bctr_road">
          <input offset="0" semantic="VERTEX" source="#ID72" />
          <input offset="1" semantic="TEXCOORD" source="#ID75" />
          <input offset="2" semantic="COLOR" source="#ID77" />
          <p>44 44 44 45 45 45 7 7 7 7 7 7 45 45 45 9 9 9 7 7 7 9 9 9 8 8 8 9 9 9 46 46 46 10 10 10 </p>
        </triangles>
        <triangles count="18" material="Bctr_road">
          <input offset="0" semantic="VERTEX" source="#ID72" />
          <input offset="1" semantic="TEXCOORD" source="#ID75" />
          <input offset="2" semantic="COLOR" source="#ID77" />
          <p>47 47 47 48 48 48 49 49 49 49 49 49 48 48 48 50 50 50 48 48 48 51 51 51 50 50 50 51 51 51 53 53 53 50 50 50 54 54 54 53 53 53 51 51 51 52 52 52 53 53 53 54 54 54 56 56 56 50 50 50 53 53 53 55 55 55 50 50 50 56 56 56 55 55 55 56 56 56 46 46 46 56 56 56 20 20 20 46 46 46 46 46 46 20 20 20 10 10 10 19 19 19 18 18 18 20 20 20 57 57 57 58 58 58 59 59 59 59 59 59 58 58 58 60 60 60 60 60 60 58 58 58 62 62 62 62 62 62 58 58 58 61 61 61 27 27 27 62 62 62 61 61 61 61 61 61 28 28 28 27 27 27 </p>
        </triangles>
        <triangles count="12" material="Bctr_road">
          <input offset="0" semantic="VERTEX" source="#ID72" />
          <input offset="1" semantic="TEXCOORD" source="#ID75" />
          <input offset="2" semantic="COLOR" source="#ID77" />
          <p>63 63 63 34 34 34 37 37 37 65 65 65 63 63 63 37 37 37 64 64 64 63 63 63 65 65 65 64 64 64 65 65 65 48 48 48 48 48 48 65 65 65 51 51 51 31 31 31 37 37 37 32 32 32 63 63 63 66 66 66 34 34 34 66 66 66 43 43 43 34 34 34 67 67 67 41 41 41 40 40 40 41 41 41 67 67 67 68 68 68 68 68 68 67 67 67 57 57 57 59 59 59 68 68 68 57 57 57 </p>
        </triangles>
        <triangles count="3" material="Bctr_road">
          <input offset="0" semantic="VERTEX" source="#ID72" />
          <input offset="1" semantic="TEXCOORD" source="#ID75" />
          <input offset="2" semantic="COLOR" source="#ID77" />
          <p>42 42 42 43 43 43 66 66 66 66 66 66 70 70 70 42 42 42 69 69 69 42 42 42 70 70 70 </p>
        </triangles>
        <triangles count="3" material="Bctr_road">
          <input offset="0" semantic="VERTEX" source="#ID72" />
          <input offset="1" semantic="TEXCOORD" source="#ID75" />
          <input offset="2" semantic="COLOR" source="#ID77" />
          <p>71 71 71 47 47 47 49 49 49 49 49 49 45 45 45 71 71 71 44 44 44 71 71 71 45 45 45 </p>
        </triangles>
        <triangles count="2" material="Bctr_road">
          <input offset="0" semantic="VERTEX" source="#ID72" />
          <input offset="1" semantic="TEXCOORD" source="#ID75" />
          <input offset="2" semantic="COLOR" source="#ID77" />
          <p>47 47 47 71 71 71 70 70 70 70 70 70 71 71 71 69 69 69 </p>
        </triangles>
      </mesh>
    </geometry>
    <geometry id="ID79">
      <mesh>
        <source id="ID81">
          <float_array id="ID82" count="636">-694.067993164063 64.9899978637695 -692.486999511719 -694.171020507813 64.9899978637695 -120 -694.067016601563 49.9900016784668 -692.486999511719 -694.169982910156 49.9900016784668 -120 -709.171020507813 64.9899978637695 -120 -709.171020507813 49.9900016784668 -120 -694.171020507813 64.9899978637695 -120 -694.169982910156 49.9900016784668 -120 -694.322021484375 64.9899978637695 -707.486999511719 -709.171020507813 49.9900016784668 -707.486999511719 -709.171020507813 64.9899978637695 -707.486999511719 -709.171020507813 64.9899978637695 -120 -709.171020507813 49.9900016784668 -707.486999511719 -709.171020507813 49.9900016784668 -120 -709.171020507813 64.9899978637695 -692.823974609375 -709.171020507813 64.9899978637695 -707.486999511719 -507.924011230469 49.9900016784668 -507.153015136719 -507.924011230469 64.9899978637695 -492.153015136719 -507.924011230469 64.9899978637695 -507.153015136719 -507.924011230469 64.9899978637695 -120 -507.924011230469 49.9900016784668 -120 -492.924011230469 64.9899978637695 -120 -492.924011230469 49.9900016784668 -120 -492.924011230469 64.9899978637695 -507.153015136719 -507.924011230469 49.9900016784668 -507.153015136719 -507.924011230469 64.9899978637695 -507.153015136719 -492.924011230469 49.9900016784668 -492.153015136719 -120 49.9900016784668 -492.153015136719 -492.924011230469 64.9899978637695 -492.153015136719 -120 64.9899978637695 -492.153015136719 -120 64.9899978637695 -492.153015136719 -120 49.9900016784668 -492.153015136719 -120 64.9899978637695 -507.153015136719 -120 49.9900016784668 -507.153015136719 -694.067016601563 49.9900016784668 -692.486999511719 -120 49.9900016784668 -692.486999511719 -694.067993164063 64.9899978637695 -692.486999511719 -120 64.9899978637695 -692.486999511719 -120 64.9899978637695 -692.486999511719 -120 49.9900016784668 -692.486999511719 -120 64.9899978637695 -707.486999511719 -120 49.9900016784668 -707.486999511719 -492.924011230469 64.9899978637695 -120 -492.924011230469 49.9900016784668 -120 -492.924011230469 64.9899978637695 -492.153015136719 -492.924011230469 49.9900016784668 -492.153015136719 -507.924011230469 49.9900016784668 -120 -507.924011230469 64.9899978637695 -120 -120 64.9899978637695 -507.153015136719 -120 49.9900016784668 -507.153015136719 -507.924011230469 49.9900016784668 -507.153015136719 -120 49.9900016784668 -707.486999511719 -120 64.9899978637695 -707.486999511719 506.673004150391 49.9900016784668 -506.860992431641 491.673004150391 64.9899978637695 -506.860992431641 506.673004150391 64.9899978637695 -506.860992431641 120 64.9899978637695 -506.860992431641 120 49.9900016784668 -506.860992431641 120 64.9899978637695 -491.860992431641 120 49.9900016784668 -491.860992431641 506.673004150391 64.9899978637695 -491.860992431641 506.673004150391 49.9900016784668 -506.860992431641 506.673004150391 64.9899978637695 -506.860992431641 491.673004150391 49.9900016784668 -491.860992431641 491.673004150391 49.9900016784668 -120 491.673004150391 64.9899978637695 -491.860992431641 491.673004150391 64.9899978637695 -120 491.673004150391 64.9899978637695 -120 491.673004150391 49.9900016784668 -120 506.673004150391 64.9899978637695 -120 506.673004150391 49.9900016784668 -120 693.041015625 64.9899978637695 -692.901000976563 120 64.9899978637695 -693.004028320313 693.041015625 49.9900016784668 -692.901000976563 120 49.9900016784668 -693.004028320313 120 64.9899978637695 -708.004028320313 120 49.9900016784668 -708.004028320313 120 64.9899978637695 -693.004028320313 120 49.9900016784668 -693.004028320313 693.041015625 49.9900016784668 -692.901000976563 693.041015625 49.9900016784668 -120 693.041015625 64.9899978637695 -692.901000976563 693.041015625 64.9899978637695 -120 693.041015625 64.9899978637695 -120 693.041015625 49.9900016784668 -120 708.041015625 64.9899978637695 -120 708.041015625 49.9900016784668 -120 120 64.9899978637695 -491.860992431641 120 49.9900016784668 -491.860992431641 491.673004150391 64.9899978637695 -491.860992431641 491.673004150391 49.9900016784668 -491.860992431641 708.041015625 64.9899978637695 -693.156005859375 708.041015625 49.9900016784668 -708.004028320313 708.041015625 64.9899978637695 -708.004028320313 120 64.9899978637695 -708.004028320313 708.041015625 49.9900016784668 -708.004028320313 120 49.9900016784668 -708.004028320313 693.377990722656 64.9899978637695 -708.004028320313 120 49.9900016784668 -506.860992431641 120 64.9899978637695 -506.860992431641 506.673004150391 64.9899978637695 -120 506.673004150391 49.9900016784668 -120 506.673004150391 49.9900016784668 -506.860992431641 708.041015625 49.9900016784668 -120 708.041015625 64.9899978637695 -120 708.041015625 64.9899978637695 -708.004028320313 -691.622985839844 49.9897994995117 692.794982910156 -691.622985839844 49.9897994995117 120 -691.622985839844 64.9897994995117 692.796020507813 -691.622985839844 64.9897994995117 692.796020507813 -691.622985839844 49.9897994995117 120 -691.622985839844 64.9897994995117 120 -691.622985839844 64.9897994995117 120 -691.622985839844 49.9897994995117 120 -706.622985839844 64.9897994995117 120 -706.622985839844 49.9897994995117 120 -706.622985839844 64.9897994995117 693.049987792969 -706.622985839844 49.9897994995117 707.898010253906 -706.622985839844 64.9897994995117 707.898010253906 -706.622985839844 49.9897994995117 120 -706.622985839844 64.9897994995117 120 -706.622985839844 49.9897994995117 707.898010253906 -691.960021972656 64.9897994995117 707.898010253906 -706.622985839844 64.9897994995117 707.898010253906 -508.161987304688 49.9897994995117 507.14599609375 -493.161987304688 64.9897994995117 507.14599609375 -508.161987304688 64.9897994995117 507.14599609375 -120 64.9897994995117 507.14599609375 -120 49.9897994995117 507.14599609375 -120 64.9897994995117 492.14599609375 -120 49.9897994995117 492.14599609375 -508.161987304688 64.9897994995117 492.14599609375 -508.161987304688 49.9897994995117 507.14599609375 -508.161987304688 64.9897994995117 507.14599609375 -493.161987304688 49.9897994995117 492.14599609375 -493.161987304688 49.9897994995117 120 -493.161987304688 64.9897994995117 492.14599609375 -493.161987304688 64.9897994995117 120 -493.161987304688 64.9897994995117 120 -493.161987304688 49.9897994995117 120 -508.161987304688 64.9897994995117 120 -508.161987304688 49.9897994995117 120 -691.622985839844 64.9897994995117 692.796020507813 -120 64.9897994995117 692.898010253906 -691.622985839844 49.9897994995117 692.794982910156 -120 49.9897994995117 692.898010253906 -120 64.9897994995117 707.898010253906 -120 49.9897994995117 707.898010253906 -120 64.9897994995117 692.898010253906 -120 49.9897994995117 692.898010253906 -120 64.9897994995117 492.14599609375 -120 49.9897994995117 492.14599609375 -493.161987304688 64.9897994995117 492.14599609375 -493.161987304688 49.9897994995117 492.14599609375 -120 64.9897994995117 707.898010253906 -120 49.9897994995117 707.898010253906 -120 49.9897994995117 507.14599609375 -120 64.9897994995117 507.14599609375 -508.161987304688 64.9897994995117 120 -508.161987304688 49.9897994995117 120 507.654998779297 49.9900016784668 507.696014404297 507.654998779297 64.9899978637695 492.696014404297 507.654998779297 64.9899978637695 507.696014404297 507.654998779297 64.9899978637695 120 507.654998779297 49.9900016784668 120 492.654998779297 64.9899978637695 120 492.654998779297 49.9900016784668 120 492.654998779297 64.9899978637695 507.696014404297 507.654998779297 49.9900016784668 507.696014404297 507.654998779297 64.9899978637695 507.696014404297 492.654998779297 49.9900016784668 492.696014404297 120 49.9900016784668 492.695007324219 492.654998779297 64.9899978637695 492.696014404297 120 64.9899978637695 492.696014404297 120 64.9899978637695 492.696014404297 120 49.9900016784668 492.695007324219 120 64.9899978637695 507.696014404297 120 49.9900016784668 507.696014404297 691.966003417969 64.9899978637695 693.533020019531 692.068969726563 64.9899978637695 120 691.966003417969 49.9900016784668 693.533020019531 692.068969726563 49.9900016784668 120 707.068969726563 64.9899978637695 120 707.068969726563 49.9900016784668 120 692.068969726563 64.9899978637695 120 692.068969726563 49.9900016784668 120 691.966003417969 49.9900016784668 693.533020019531 120 49.9900016784668 693.533020019531 691.966003417969 64.9899978637695 693.533020019531 120 64.9899978637695 693.533020019531 120 64.9899978637695 693.533020019531 120 49.9900016784668 693.533020019531 120 64.9899978637695 708.533020019531 120 49.9900016784668 708.533020019531 492.654998779297 64.9899978637695 120 492.654998779297 49.9900016784668 120 492.654998779297 64.9899978637695 492.696014404297 492.654998779297 49.9900016784668 492.696014404297 692.219970703125 64.9899978637695 708.533020019531 707.068969726563 49.9900016784668 708.533020019531 707.068969726563 64.9899978637695 708.533020019531 707.068969726563 64.9899978637695 120 707.068969726563 49.9900016784668 708.533020019531 707.068969726563 49.9900016784668 120 707.068969726563 64.9899978637695 693.870971679688 507.654998779297 49.9900016784668 120 507.654998779297 64.9899978637695 120 120 64.9899978637695 507.696014404297 120 49.9900016784668 507.696014404297 120 49.9900016784668 708.533020019531 120 64.9899978637695 708.533020019531 707.068969726563 64.9899978637695 708.533020019531 </float_array>
          <technique_common>
            <accessor count="212" source="#ID82" stride="3">
              <param name="X" type="float" />
              <param name="Y" type="float" />
              <param name="Z" type="float" />
            </accessor>
          </technique_common>
        </source>
        <source id="ID83">
          <float_array id="ID84" count="424">28.9890003204346 3.48343992233276 66.9813995361328 3.48343992233276 29.0121994018555 3.2546501159668 66.9813995361328 3.2546501159668 18.9588203430176 3.4870400428772 18.9588203430176 3.2546501159668 18.0083599090576 3.4870400428772 18.0083599090576 3.2546501159668 19.004280090332 3.4870400428772 17.9687595367432 3.2546501159668 17.9692001342773 3.4870400428772 74.9431991577148 3.4870400428772 35.9802017211914 3.2546501159668 74.9431991577148 3.2546501159668 36.9865989685059 3.4870400428772 36.1245994567871 3.4870400428772 9 3.2546501159668 9.978759765625 3.48108005523682 9 3.48108005523682 36.989200592041 3.48023009300232 36.989200592041 3.2546501159668 36.0387992858887 3.48023009300232 36.0387992858887 3.2546501159668 11 3.48108005523682 10.00465965271 3.2546501159668 10.0053596496582 3.48108005523682 11 3.2546501159668 35.9819984436035 3.2546501159668 11 3.48108005523682 35.9819984436035 3.48108005523682 38.9655990600586 3.48023009300232 38.9655990600586 3.2546501159668 38.0152015686035 3.48023009300232 38.0152015686035 3.2546501159668 19.0064392089844 3.2546501159668 56.9742012023926 3.2546501159668 19.0064392089844 3.48343992233276 56.9742012023926 3.48343992233276 31.9304008483887 3.4870400428772 31.9304008483887 3.2546501159668 30.9799995422363 3.4870400428772 30.9799995422363 3.2546501159668 26.9883995056152 3.48108005523682 26.9883995056152 3.2546501159668 2 3.48108005523682 2 3.2546501159668 34.9986000061035 3.2546501159668 34.9986000061035 3.48108005523682 35.9819984436035 3.48108005523682 35.9819984436035 3.2546501159668 9.97813987731934 3.2546501159668 56.9742012023926 3.2546501159668 56.9742012023926 3.4870400428772 8.9715404510498 2.51045989990234 9.98830032348633 2.73783993721008 8.97665977478027 2.73783993721008 36.0376014709473 2.73986005783081 36.0376014709473 2.51045989990234 35.0872001647949 2.73986005783081 35.0872001647949 2.51045989990234 10.9807195663452 2.73783993721008 10.00465965271 2.51045989990234 10.0053596496582 2.73783993721008 10.9795799255371 2.51045989990234 35.9798011779785 2.51045989990234 10.9807195663452 2.73783993721008 35.9798011779785 2.73986005783081 38.9655990600586 2.73986005783081 38.9655990600586 2.51045989990234 38.0152015686035 2.73986005783081 38.0152015686035 2.51045989990234 28.9890003204346 2.73760008811951 67.0037994384766 2.73760008811951 29.0121994018555 2.51045989990234 67.0037994384766 2.51045989990234 19.9537792205811 2.73986005783081 19.9537792205811 2.51045989990234 19.0033206939697 2.73986005783081 19.0033206939697 2.51045989990234 19.0064392089844 2.51045989990234 57.9273986816406 2.51045989990234 19.0064392089844 2.73760008811951 57.9273986816406 2.73760008811951 36.9168014526367 2.73986005783081 36.9168014526367 2.51045989990234 35.9664001464844 2.73986005783081 35.9664001464844 2.51045989990234 26.9769992828369 2.73986005783081 26.9769992828369 2.51045989990234 1.98672199249268 2.73783993721008 1.98672199249268 2.51045989990234 19.0042190551758 2.73760008811951 17.9874000549316 2.51045989990234 18.0677795410156 2.73760008811951 74.9657974243164 2.73760008811951 36.0036010742188 2.51045989990234 74.9657974243164 2.51045989990234 36.9858016967773 2.73760008811951 34.9872016906738 2.51045989990234 34.9872016906738 2.73783993721008 35.9798011779785 2.73783993721008 35.9798011779785 2.51045989990234 9.94025993347168 2.51045989990234 57.9273986816406 2.51045989990234 57.9273986816406 2.73760008811951 35.981201171875 2.73760008811951 40.0134010314941 2.7536199092865 77.9571990966797 2.7536199092865 40.0134010314941 2.98872995376587 40.0134010314941 2.9904100894928 77.9571990966797 2.75529003143311 77.9571990966797 2.9904100894928 31.9158000946045 2.9904100894928 31.9158000946045 2.75529003143311 30.9652004241943 2.9904100894928 30.9652004241943 2.75529003143311 39.984001159668 2.9904100894928 38.9707984924316 2.75529003143311 38.9837989807129 2.9904100894928 77.963996887207 2.75529003143311 77.963996887207 2.9904100894928 36.0060005187988 2.75529003143311 36.9706001281738 2.9904100894928 36.005199432373 2.9904100894928 9.02365970611572 2.75529003143311 10.0041799545288 2.98606991767883 9.02435970306396 2.98606991767883 38.9655990600586 2.98606991767883 38.9655990600586 2.75529003143311 38.0152015686035 2.98606991767883 38.0152015686035 2.75529003143311 10.988920211792 2.98606991767883 10.00465965271 2.75529003143311 10.0053596496582 2.98606991767883 10.988920211792 2.75529003143311 35.9648017883301 2.75529003143311 10.988920211792 2.98606991767883 35.9648017883301 2.98606991767883 37.970401763916 2.98606991767883 37.970401763916 2.75529003143311 37.0197982788086 2.98606991767883 37.0197982788086 2.75529003143311 28.9890003204346 2.9904100894928 66.9881973266602 2.9904100894928 29.0121994018555 2.75529003143311 66.9881973266602 2.75529003143311 35.9007987976074 2.9904100894928 35.9007987976074 2.75529003143311 34.9501991271973 2.9904100894928 34.9501991271973 2.75529003143311 26.9841995239258 2.98606991767883 26.9841995239258 2.75529003143311 1.98672199249268 2.98606991767883 1.98672199249268 2.75529003143311 74.9502029418945 2.9904100894928 74.9502029418945 2.75529003143311 34.9944000244141 2.75529003143311 34.9944000244141 2.98606991767883 35.9648017883301 2.98606991767883 35.9648017883301 2.75529003143311 8.97723960876465 3.0074200630188 9.99038028717041 3.23716998100281 8.97634029388428 3.23716998100281 36.989200592041 3.23716998100281 36.989200592041 3.01968002319336 36.0387992858887 3.23716998100281 36.0387992858887 3.01968002319336 10.9870004653931 3.23716998100281 10.0025596618652 3.00813007354736 10.0032596588135 3.23716998100281 10.9870004653931 3.00711011886597 35.9907989501953 3.00711011886597 10.9870004653931 3.23716998100281 35.9907989501953 3.23716998100281 35.9644012451172 3.23716998100281 35.9644012451172 3.01968002319336 35.0139999389648 3.23716998100281 35.0139999389648 3.01968002319336 28.9890003204346 3.23716998100281 68.0014038085938 3.23716998100281 29.0121994018555 3.00711011886597 68.0014038085938 3.00711011886597 37.9687995910645 3.23716998100281 37.9687995910645 3.01968002319336 37.0183982849121 3.23716998100281 37.0183982849121 3.01968002319336 19.0064392089844 3.00711011886597 56.9542007446289 3.00711011886597 19.0064392089844 3.23716998100281 56.9542007446289 3.23716998100281 33.918399810791 3.23716998100281 33.918399810791 3.01968002319336 32.9678001403809 3.23716998100281 32.9678001403809 3.01968002319336 27.0065994262695 3.23716998100281 27.0065994262695 3.00711011886597 2 3.23716998100281 2 3.00711011886597 19.0020198822021 3.23716998100281 18.0154399871826 3.00994992256165 18.0181198120117 3.23716998100281 75.9634017944336 3.23716998100281 35.9651985168457 3.01340007781982 75.9634017944336 3.00711011886597 37.0054016113281 3.23716998100281 35.0167999267578 3.00711011886597 35.0167999267578 3.23716998100281 35.9907989501953 3.23716998100281 35.9907989501953 3.01731991767883 56.9542007446289 3.00711011886597 56.9542007446289 3.23716998100281 35.9659996032715 3.23716998100281 </float_array>
          <technique_common>
            <accessor count="212" source="#ID84" stride="2">
              <param name="S" type="float" />
              <param name="T" type="float" />
            </accessor>
          </technique_common>
        </source>
        <source id="ID85">
          <float_array id="ID86" count="848">0.450980392156863 0.450980392156863 0.450980392156863 1 0.450980392156863 0.450980392156863 0.450980392156863 1 0.450980392156863 0.450980392156863 0.450980392156863 1 0.450980392156863 0.450980392156863 0.450980392156863 1 0.450980392156863 0.450980392156863 0.450980392156863 1 0.450980392156863 0.450980392156863 0.450980392156863 1 0.450980392156863 0.450980392156863 0.450980392156863 1 0.450980392156863 0.450980392156863 0.450980392156863 1 0.450980392156863 0.450980392156863 0.450980392156863 1 0.450980392156863 0.450980392156863 0.450980392156863 1 0.450980392156863 0.450980392156863 0.450980392156863 1 0.450980392156863 0.450980392156863 0.450980392156863 1 0.450980392156863 0.450980392156863 0.450980392156863 1 0.450980392156863 0.450980392156863 0.450980392156863 1 0.450980392156863 0.450980392156863 0.450980392156863 1 0.450980392156863 0.450980392156863 0.450980392156863 1 0.450980392156863 0.450980392156863 0.450980392156863 1 0.450980392156863 0.450980392156863 0.450980392156863 1 0.450980392156863 0.450980392156863 0.450980392156863 1 0.450980392156863 0.450980392156863 0.450980392156863 1 0.450980392156863 0.450980392156863 0.450980392156863 1 0.450980392156863 0.450980392156863 0.450980392156863 1 0.450980392156863 0.450980392156863 0.450980392156863 1 0.450980392156863 0.450980392156863 0.450980392156863 1 0.450980392156863 0.450980392156863 0.450980392156863 1 0.450980392156863 0.450980392156863 0.450980392156863 1 0.450980392156863 0.450980392156863 0.450980392156863 1 0.450980392156863 0.450980392156863 0.450980392156863 1 0.450980392156863 0.450980392156863 0.450980392156863 1 0.450980392156863 0.450980392156863 0.450980392156863 1 0.450980392156863 0.450980392156863 0.450980392156863 1 0.450980392156863 0.450980392156863 0.450980392156863 1 0.450980392156863 0.450980392156863 0.450980392156863 1 0.450980392156863 0.450980392156863 0.450980392156863 1 0.450980392156863 0.450980392156863 0.450980392156863 1 0.450980392156863 0.450980392156863 0.450980392156863 1 0.450980392156863 0.450980392156863 0.450980392156863 1 0.450980392156863 0.450980392156863 0.450980392156863 1 0.450980392156863 0.450980392156863 0.450980392156863 1 0.450980392156863 0.450980392156863 0.450980392156863 1 0.450980392156863 0.450980392156863 0.450980392156863 1 0.450980392156863 0.450980392156863 0.450980392156863 1 0.450980392156863 0.450980392156863 0.450980392156863 1 0.450980392156863 0.450980392156863 0.450980392156863 1 0.450980392156863 0.450980392156863 0.450980392156863 1 0.450980392156863 0.450980392156863 0.450980392156863 1 0.450980392156863 0.450980392156863 0.450980392156863 1 0.450980392156863 0.450980392156863 0.450980392156863 1 0.450980392156863 0.450980392156863 0.450980392156863 1 0.450980392156863 0.450980392156863 0.450980392156863 1 0.450980392156863 0.450980392156863 0.450980392156863 1 0.450980392156863 0.450980392156863 0.450980392156863 1 0.450980392156863 0.450980392156863 0.450980392156863 1 0.450980392156863 0.450980392156863 0.450980392156863 1 0.450980392156863 0.450980392156863 0.450980392156863 1 0.450980392156863 0.450980392156863 0.450980392156863 1 0.450980392156863 0.450980392156863 0.450980392156863 1 0.450980392156863 0.450980392156863 0.450980392156863 1 0.450980392156863 0.450980392156863 0.450980392156863 1 0.450980392156863 0.450980392156863 0.450980392156863 1 0.450980392156863 0.450980392156863 0.450980392156863 1 0.450980392156863 0.450980392156863 0.450980392156863 1 0.450980392156863 0.450980392156863 0.450980392156863 1 0.450980392156863 0.450980392156863 0.450980392156863 1 0.450980392156863 0.450980392156863 0.450980392156863 1 0.450980392156863 0.450980392156863 0.450980392156863 1 0.450980392156863 0.450980392156863 0.450980392156863 1 0.450980392156863 0.450980392156863 0.450980392156863 1 0.450980392156863 0.450980392156863 0.450980392156863 1 0.450980392156863 0.450980392156863 0.450980392156863 1 0.450980392156863 0.450980392156863 0.450980392156863 1 0.450980392156863 0.450980392156863 0.450980392156863 1 0.450980392156863 0.450980392156863 0.450980392156863 1 0.450980392156863 0.450980392156863 0.450980392156863 1 0.450980392156863 0.450980392156863 0.450980392156863 1 0.450980392156863 0.450980392156863 0.450980392156863 1 0.450980392156863 0.450980392156863 0.450980392156863 1 0.450980392156863 0.450980392156863 0.450980392156863 1 0.450980392156863 0.450980392156863 0.450980392156863 1 0.450980392156863 0.450980392156863 0.450980392156863 1 0.450980392156863 0.450980392156863 0.450980392156863 1 0.450980392156863 0.450980392156863 0.450980392156863 1 0.450980392156863 0.450980392156863 0.450980392156863 1 0.450980392156863 0.450980392156863 0.450980392156863 1 0.450980392156863 0.450980392156863 0.450980392156863 1 0.450980392156863 0.450980392156863 0.450980392156863 1 0.450980392156863 0.450980392156863 0.450980392156863 1 0.450980392156863 0.450980392156863 0.450980392156863 1 0.450980392156863 0.450980392156863 0.450980392156863 1 0.450980392156863 0.450980392156863 0.450980392156863 1 0.450980392156863 0.450980392156863 0.450980392156863 1 0.450980392156863 0.450980392156863 0.450980392156863 1 0.450980392156863 0.450980392156863 0.450980392156863 1 0.450980392156863 0.450980392156863 0.450980392156863 1 0.450980392156863 0.450980392156863 0.450980392156863 1 0.450980392156863 0.450980392156863 0.450980392156863 1 0.450980392156863 0.450980392156863 0.450980392156863 1 0.450980392156863 0.450980392156863 0.450980392156863 1 0.450980392156863 0.450980392156863 0.450980392156863 1 0.450980392156863 0.450980392156863 0.450980392156863 1 0.450980392156863 0.450980392156863 0.450980392156863 1 0.450980392156863 0.450980392156863 0.450980392156863 1 0.450980392156863 0.450980392156863 0.450980392156863 1 0.450980392156863 0.450980392156863 0.450980392156863 1 0.450980392156863 0.450980392156863 0.450980392156863 1 0.450980392156863 0.450980392156863 0.450980392156863 1 0.450980392156863 0.450980392156863 0.450980392156863 1 0.450980392156863 0.450980392156863 0.450980392156863 1 0.450980392156863 0.450980392156863 0.450980392156863 1 0.450980392156863 0.450980392156863 0.450980392156863 1 0.450980392156863 0.450980392156863 0.450980392156863 1 0.450980392156863 0.450980392156863 0.450980392156863 1 0.450980392156863 0.450980392156863 0.450980392156863 1 0.450980392156863 0.450980392156863 0.450980392156863 1 0.450980392156863 0.450980392156863 0.450980392156863 1 0.450980392156863 0.450980392156863 0.450980392156863 1 0.450980392156863 0.450980392156863 0.450980392156863 1 0.450980392156863 0.450980392156863 0.450980392156863 1 0.450980392156863 0.450980392156863 0.450980392156863 1 0.450980392156863 0.450980392156863 0.450980392156863 1 0.450980392156863 0.450980392156863 0.450980392156863 1 0.450980392156863 0.450980392156863 0.450980392156863 1 0.450980392156863 0.450980392156863 0.450980392156863 1 0.450980392156863 0.450980392156863 0.450980392156863 1 0.450980392156863 0.450980392156863 0.450980392156863 1 0.450980392156863 0.450980392156863 0.450980392156863 1 0.450980392156863 0.450980392156863 0.450980392156863 1 0.450980392156863 0.450980392156863 0.450980392156863 1 0.450980392156863 0.450980392156863 0.450980392156863 1 0.450980392156863 0.450980392156863 0.450980392156863 1 0.450980392156863 0.450980392156863 0.450980392156863 1 0.450980392156863 0.450980392156863 0.450980392156863 1 0.450980392156863 0.450980392156863 0.450980392156863 1 0.450980392156863 0.450980392156863 0.450980392156863 1 0.450980392156863 0.450980392156863 0.450980392156863 1 0.450980392156863 0.450980392156863 0.450980392156863 1 0.450980392156863 0.450980392156863 0.450980392156863 1 0.450980392156863 0.450980392156863 0.450980392156863 1 0.450980392156863 0.450980392156863 0.450980392156863 1 0.450980392156863 0.450980392156863 0.450980392156863 1 0.450980392156863 0.450980392156863 0.450980392156863 1 0.450980392156863 0.450980392156863 0.450980392156863 1 0.450980392156863 0.450980392156863 0.450980392156863 1 0.450980392156863 0.450980392156863 0.450980392156863 1 0.450980392156863 0.450980392156863 0.450980392156863 1 0.450980392156863 0.450980392156863 0.450980392156863 1 0.450980392156863 0.450980392156863 0.450980392156863 1 0.450980392156863 0.450980392156863 0.450980392156863 1 0.450980392156863 0.450980392156863 0.450980392156863 1 0.450980392156863 0.450980392156863 0.450980392156863 1 0.450980392156863 0.450980392156863 0.450980392156863 1 0.450980392156863 0.450980392156863 0.450980392156863 1 0.450980392156863 0.450980392156863 0.450980392156863 1 0.450980392156863 0.450980392156863 0.450980392156863 1 0.450980392156863 0.450980392156863 0.450980392156863 1 0.450980392156863 0.450980392156863 0.450980392156863 1 0.450980392156863 0.450980392156863 0.450980392156863 1 0.450980392156863 0.450980392156863 0.450980392156863 1 0.450980392156863 0.450980392156863 0.450980392156863 1 0.450980392156863 0.450980392156863 0.450980392156863 1 0.450980392156863 0.450980392156863 0.450980392156863 1 0.450980392156863 0.450980392156863 0.450980392156863 1 0.450980392156863 0.450980392156863 0.450980392156863 1 0.450980392156863 0.450980392156863 0.450980392156863 1 0.450980392156863 0.450980392156863 0.450980392156863 1 0.450980392156863 0.450980392156863 0.450980392156863 1 0.450980392156863 0.450980392156863 0.450980392156863 1 0.450980392156863 0.450980392156863 0.450980392156863 1 0.450980392156863 0.450980392156863 0.450980392156863 1 0.450980392156863 0.450980392156863 0.450980392156863 1 0.450980392156863 0.450980392156863 0.450980392156863 1 0.450980392156863 0.450980392156863 0.450980392156863 1 0.450980392156863 0.450980392156863 0.450980392156863 1 0.450980392156863 0.450980392156863 0.450980392156863 1 0.450980392156863 0.450980392156863 0.450980392156863 1 0.450980392156863 0.450980392156863 0.450980392156863 1 0.450980392156863 0.450980392156863 0.450980392156863 1 0.450980392156863 0.450980392156863 0.450980392156863 1 0.450980392156863 0.450980392156863 0.450980392156863 1 0.450980392156863 0.450980392156863 0.450980392156863 1 0.450980392156863 0.450980392156863 0.450980392156863 1 0.450980392156863 0.450980392156863 0.450980392156863 1 0.450980392156863 0.450980392156863 0.450980392156863 1 0.450980392156863 0.450980392156863 0.450980392156863 1 0.450980392156863 0.450980392156863 0.450980392156863 1 0.450980392156863 0.450980392156863 0.450980392156863 1 0.450980392156863 0.450980392156863 0.450980392156863 1 0.450980392156863 0.450980392156863 0.450980392156863 1 0.450980392156863 0.450980392156863 0.450980392156863 1 0.450980392156863 0.450980392156863 0.450980392156863 1 0.450980392156863 0.450980392156863 0.450980392156863 1 0.450980392156863 0.450980392156863 0.450980392156863 1 0.450980392156863 0.450980392156863 0.450980392156863 1 0.450980392156863 0.450980392156863 0.450980392156863 1 0.450980392156863 0.450980392156863 0.450980392156863 1 0.450980392156863 0.450980392156863 0.450980392156863 1 0.450980392156863 0.450980392156863 0.450980392156863 1 0.450980392156863 0.450980392156863 0.450980392156863 1 0.450980392156863 0.450980392156863 0.450980392156863 1 0.450980392156863 0.450980392156863 0.450980392156863 1 0.450980392156863 0.450980392156863 0.450980392156863 1 0.450980392156863 0.450980392156863 0.450980392156863 1 0.450980392156863 0.450980392156863 0.450980392156863 1 0.450980392156863 0.450980392156863 0.450980392156863 1 0.450980392156863 0.450980392156863 0.450980392156863 1 0.450980392156863 0.450980392156863 0.450980392156863 1 0.450980392156863 0.450980392156863 0.450980392156863 1 0.450980392156863 0.450980392156863 0.450980392156863 1 0.450980392156863 0.450980392156863 0.450980392156863 1 0.450980392156863 0.450980392156863 0.450980392156863 1 0.450980392156863 0.450980392156863 0.450980392156863 1 0.450980392156863 0.450980392156863 0.450980392156863 1 </float_array>
          <technique_common>
            <accessor count="212" source="#ID86" stride="4">
              <param name="R" type="float" />
              <param name="G" type="float" />
              <param name="B" type="float" />
              <param name="A" type="float" />
            </accessor>
          </technique_common>
        </source>
        <vertices id="ID80">
          <input semantic="POSITION" source="#ID81" />
        </vertices>
        <triangles count="8" material="Bagb_block2_a_top">
          <input offset="0" semantic="VERTEX" source="#ID80" />
          <input offset="1" semantic="TEXCOORD" source="#ID83" />
          <input offset="2" semantic="COLOR" source="#ID85" />
          <p>0 0 0 1 1 1 2 2 2 2 2 2 1 1 1 3 3 3 4 4 4 5 5 5 6 6 6 6 6 6 5 5 5 7 7 7 8 8 8 9 9 9 10 10 10 11 11 11 12 12 12 13 13 13 11 11 11 14 14 14 12 12 12 12 12 12 14 14 14 15 15 15 </p>
        </triangles>
        <triangles count="20" material="Bagb_block2_a_top">
          <input offset="0" semantic="VERTEX" source="#ID80" />
          <input offset="1" semantic="TEXCOORD" source="#ID83" />
          <input offset="2" semantic="COLOR" source="#ID85" />
          <p>16 16 16 17 17 17 18 18 18 16 16 16 46 46 46 17 17 17 17 17 17 46 46 46 47 47 47 19 19 19 20 20 20 21 21 21 21 21 21 20 20 20 22 22 22 23 23 23 24 24 24 25 25 25 48 48 48 49 49 49 23 23 23 23 23 23 49 49 49 50 50 50 26 26 26 27 27 27 28 28 28 28 28 28 27 27 27 29 29 29 30 30 30 31 31 31 32 32 32 32 32 32 31 31 31 33 33 33 34 34 34 35 35 35 36 36 36 36 36 36 35 35 35 37 37 37 38 38 38 39 39 39 40 40 40 40 40 40 39 39 39 41 41 41 42 42 42 43 43 43 44 44 44 44 44 44 43 43 43 45 45 45 51 51 51 8 8 8 52 52 52 51 51 51 9 9 9 8 8 8 </p>
        </triangles>
        <triangles count="28" material="Bagb_block2_a_top">
          <input offset="0" semantic="VERTEX" source="#ID80" />
          <input offset="1" semantic="TEXCOORD" source="#ID83" />
          <input offset="2" semantic="COLOR" source="#ID85" />
          <p>53 53 53 54 54 54 55 55 55 53 53 53 98 98 98 54 54 54 54 54 54 98 98 98 99 99 99 56 56 56 57 57 57 58 58 58 58 58 58 57 57 57 59 59 59 60 60 60 61 61 61 62 62 62 100 100 100 101 101 101 60 60 60 60 60 60 101 101 101 102 102 102 63 63 63 64 64 64 65 65 65 65 65 65 64 64 64 66 66 66 67 67 67 68 68 68 69 69 69 69 69 69 68 68 68 70 70 70 71 71 71 72 72 72 73 73 73 73 73 73 72 72 72 74 74 74 75 75 75 76 76 76 77 77 77 77 77 77 76 76 76 78 78 78 79 79 79 80 80 80 81 81 81 81 81 81 80 80 80 82 82 82 83 83 83 84 84 84 85 85 85 85 85 85 84 84 84 86 86 86 87 87 87 88 88 88 89 89 89 89 89 89 88 88 88 90 90 90 91 91 91 92 92 92 93 93 93 103 103 103 92 92 92 91 91 91 103 103 103 91 91 91 104 104 104 94 94 94 95 95 95 96 96 96 94 94 94 97 97 97 95 95 95 95 95 95 97 97 97 105 105 105 </p>
        </triangles>
        <triangles count="8" material="Bagb_block2_a_top">
          <input offset="0" semantic="VERTEX" source="#ID80" />
          <input offset="1" semantic="TEXCOORD" source="#ID83" />
          <input offset="2" semantic="COLOR" source="#ID85" />
          <p>106 106 106 107 107 107 108 108 108 109 109 109 110 110 110 111 111 111 112 112 112 113 113 113 114 114 114 114 114 114 113 113 113 115 115 115 116 116 116 117 117 117 118 118 118 119 119 119 117 117 117 116 116 116 119 119 119 116 116 116 120 120 120 121 121 121 122 122 122 123 123 123 </p>
        </triangles>
        <triangles count="20" material="Bagb_block2_a_top">
          <input offset="0" semantic="VERTEX" source="#ID80" />
          <input offset="1" semantic="TEXCOORD" source="#ID83" />
          <input offset="2" semantic="COLOR" source="#ID85" />
          <p>124 124 124 125 125 125 126 126 126 124 124 124 156 156 156 125 125 125 125 125 125 156 156 156 157 157 157 127 127 127 128 128 128 129 129 129 129 129 129 128 128 128 130 130 130 131 131 131 132 132 132 133 133 133 131 131 131 159 159 159 132 132 132 158 158 158 159 159 159 131 131 131 134 134 134 135 135 135 136 136 136 136 136 136 135 135 135 137 137 137 138 138 138 139 139 139 140 140 140 140 140 140 139 139 139 141 141 141 142 142 142 143 143 143 144 144 144 144 144 144 143 143 143 145 145 145 146 146 146 147 147 147 148 148 148 148 148 148 147 147 147 149 149 149 150 150 150 151 151 151 152 152 152 152 152 152 151 151 151 153 153 153 154 154 154 121 121 121 155 155 155 154 154 154 122 122 122 121 121 121 </p>
        </triangles>
        <triangles count="28" material="Bagb_block2_a_top">
          <input offset="0" semantic="VERTEX" source="#ID80" />
          <input offset="1" semantic="TEXCOORD" source="#ID83" />
          <input offset="2" semantic="COLOR" source="#ID85" />
          <p>160 160 160 161 161 161 162 162 162 160 160 160 205 205 205 161 161 161 161 161 161 205 205 205 206 206 206 163 163 163 164 164 164 165 165 165 165 165 165 164 164 164 166 166 166 167 167 167 168 168 168 169 169 169 167 167 167 208 208 208 168 168 168 207 207 207 208 208 208 167 167 167 170 170 170 171 171 171 172 172 172 172 172 172 171 171 171 173 173 173 174 174 174 175 175 175 176 176 176 176 176 176 175 175 175 177 177 177 178 178 178 179 179 179 180 180 180 180 180 180 179 179 179 181 181 181 182 182 182 183 183 183 184 184 184 184 184 184 183 183 183 185 185 185 186 186 186 187 187 187 188 188 188 188 188 188 187 187 187 189 189 189 190 190 190 191 191 191 192 192 192 192 192 192 191 191 191 193 193 193 194 194 194 195 195 195 196 196 196 196 196 196 195 195 195 197 197 197 198 198 198 199 199 199 200 200 200 199 199 199 198 198 198 210 210 210 209 209 209 199 199 199 210 210 210 201 201 201 202 202 202 203 203 203 201 201 201 204 204 204 202 202 202 202 202 202 204 204 204 211 211 211 </p>
        </triangles>
      </mesh>
    </geometry>
    <geometry id="ID87">
      <mesh>
        <source id="ID89">
          <float_array id="ID90" count="288">-694.067993164063 64.9899978637695 -692.486999511719 -709.171020507813 64.9899978637695 -120 -694.171020507813 64.9899978637695 -120 -694.067993164063 64.9899978637695 -692.486999511719 -694.322021484375 64.9899978637695 -707.486999511719 -709.171020507813 64.9899978637695 -707.486999511719 -709.171020507813 64.9899978637695 -692.823974609375 -709.171020507813 64.9899978637695 -692.823974609375 -492.924011230469 64.9899978637695 -120 -492.924011230469 64.9899978637695 -492.153015136719 -507.924011230469 64.9899978637695 -120 -507.924011230469 64.9899978637695 -492.153015136719 -120 64.9899978637695 -492.153015136719 -120 64.9899978637695 -507.153015136719 -492.924011230469 64.9899978637695 -492.153015136719 -492.924011230469 64.9899978637695 -507.153015136719 -492.924011230469 64.9899978637695 -507.153015136719 -507.924011230469 64.9899978637695 -492.153015136719 -492.924011230469 64.9899978637695 -492.153015136719 -120 64.9899978637695 -707.486999511719 -694.067993164063 64.9899978637695 -692.486999511719 -120 64.9899978637695 -692.486999511719 -507.924011230469 64.9899978637695 -507.153015136719 -694.322021484375 64.9899978637695 -707.486999511719 120 64.9899978637695 -491.860992431641 491.673004150391 64.9899978637695 -491.860992431641 120 64.9899978637695 -506.860992431641 491.673004150391 64.9899978637695 -506.860992431641 491.673004150391 64.9899978637695 -120 506.673004150391 64.9899978637695 -120 491.673004150391 64.9899978637695 -491.860992431641 506.673004150391 64.9899978637695 -491.860992431641 506.673004150391 64.9899978637695 -491.860992431641 491.673004150391 64.9899978637695 -506.860992431641 491.673004150391 64.9899978637695 -491.860992431641 693.041015625 64.9899978637695 -692.901000976563 120 64.9899978637695 -708.004028320313 120 64.9899978637695 -693.004028320313 693.041015625 64.9899978637695 -692.901000976563 708.041015625 64.9899978637695 -693.156005859375 708.041015625 64.9899978637695 -708.004028320313 708.041015625 64.9899978637695 -120 693.041015625 64.9899978637695 -692.901000976563 693.041015625 64.9899978637695 -120 693.377990722656 64.9899978637695 -708.004028320313 506.673004150391 64.9899978637695 -506.860992431641 708.041015625 64.9899978637695 -693.156005859375 693.377990722656 64.9899978637695 -708.004028320313 -691.622985839844 64.9897994995117 692.796020507813 -706.622985839844 64.9897994995117 693.049987792969 -706.622985839844 64.9897994995117 707.898010253906 -706.622985839844 64.9897994995117 120 -691.622985839844 64.9897994995117 692.796020507813 -691.622985839844 64.9897994995117 120 -706.622985839844 64.9897994995117 693.049987792969 -691.960021972656 64.9897994995117 707.898010253906 -120 64.9897994995117 492.14599609375 -493.161987304688 64.9897994995117 492.14599609375 -120 64.9897994995117 507.14599609375 -493.161987304688 64.9897994995117 507.14599609375 -493.161987304688 64.9897994995117 120 -508.161987304688 64.9897994995117 120 -493.161987304688 64.9897994995117 492.14599609375 -508.161987304688 64.9897994995117 492.14599609375 -508.161987304688 64.9897994995117 492.14599609375 -493.161987304688 64.9897994995117 507.14599609375 -493.161987304688 64.9897994995117 492.14599609375 -691.622985839844 64.9897994995117 692.796020507813 -120 64.9897994995117 707.898010253906 -120 64.9897994995117 692.898010253906 -691.960021972656 64.9897994995117 707.898010253906 -508.161987304688 64.9897994995117 507.14599609375 492.654998779297 64.9899978637695 120 492.654998779297 64.9899978637695 492.696014404297 507.654998779297 64.9899978637695 120 507.654998779297 64.9899978637695 492.696014404297 120 64.9899978637695 492.696014404297 120 64.9899978637695 507.696014404297 492.654998779297 64.9899978637695 492.696014404297 492.654998779297 64.9899978637695 507.696014404297 492.654998779297 64.9899978637695 507.696014404297 507.654998779297 64.9899978637695 492.696014404297 492.654998779297 64.9899978637695 492.696014404297 691.966003417969 64.9899978637695 693.533020019531 707.068969726563 64.9899978637695 120 692.068969726563 64.9899978637695 120 691.966003417969 64.9899978637695 693.533020019531 692.219970703125 64.9899978637695 708.533020019531 707.068969726563 64.9899978637695 708.533020019531 120 64.9899978637695 708.533020019531 691.966003417969 64.9899978637695 693.533020019531 120 64.9899978637695 693.533020019531 707.068969726563 64.9899978637695 693.870971679688 507.654998779297 64.9899978637695 507.696014404297 692.219970703125 64.9899978637695 708.533020019531 707.068969726563 64.9899978637695 693.870971679688 </float_array>
          <technique_common>
            <accessor count="96" source="#ID90" stride="3">
              <param name="X" type="float" />
              <param name="Y" type="float" />
              <param name="Z" type="float" />
            </accessor>
          </technique_common>
        </source>
        <source id="ID91">
          <float_array id="ID92" count="192">44 0.255326986312866 81.9558029174805 0.487136006355286 81.9558029174805 0.255326986312866 0.983991980552673 0.255326986312866 0.0187141001224518 0.255326986312866 0.0187141001224518 0.487136006355286 44 0.487136006355286 0.984741985797882 0.487136006355286 34.9986000061035 0.493894994258881 9.97574043273926 0.493894994258881 34.9986000061035 0.255326986312866 9.97574043273926 0.255326986312866 35.9819984436035 0.255326986312866 35.9819984436035 0.493894994258881 11 0.255326986312866 11 0.493894994258881 2 0.493894994258881 1.00090801715851 0.255326986312866 2 0.255326986312866 56.9742012023926 0.487136006355286 18.9838600158691 0.255326986312866 56.9742012023926 0.255326986312866 1.00090801715851 0.493896007537842 18.9838600158691 0.487136006355286 34.9872016906738 0.739400029182434 9.98945999145508 0.739400029182434 34.9872016906738 0.509235978126526 9.98945999145508 0.509235978126526 35.9798011779785 0.509235978126526 35.9798011779785 0.739400029182434 10.9795799255371 0.509235978126526 10.9807195663452 0.739400029182434 1.98672199249268 0.746487021446228 1.04803001880646 0.509235978126526 1.99218797683716 0.509235978126526 44 0.509235978126526 81.978401184082 0.739400029182434 81.978401184082 0.509235978126526 0.963747978210449 0.509235978126526 -0.000511771999299526 0.509235978126526 -0.000511771999299526 0.746487021446228 57.9273986816406 0.739400029182434 19 0.509235978126526 57.9273986816406 0.509235978126526 44 0.739400029182434 1.04803001880646 0.746487021446228 19 0.739400029182434 0.964497983455658 0.746487021446228 0.951095998287201 0.750642001628876 0.0313660018146038 0.750642001628876 0.0313660018146038 0.992951989173889 77.9571990966797 0.992951989173889 39.9644012451172 0.750642001628876 77.9571990966797 0.750642001628876 39.9641990661621 0.992951989173889 0.95184600353241 0.992951989173889 34.9944000244141 0.992951989173889 9.9982795715332 0.992951989173889 34.9944000244141 0.750642001628876 9.9982795715332 0.750642001628876 35.9648017883301 0.750642001628876 35.9648017883301 0.992951989173889 10.988920211792 0.750642001628876 10.988920211792 0.992951989173889 1.95306396484375 0.992951989173889 1.01437199115753 0.750642001628876 1.95852994918823 0.750642001628876 43.9917984008789 0.750642001628876 81.9627990722656 0.992951989173889 81.9627990722656 0.750642001628876 43.9802017211914 0.992951989173889 1.01437199115753 0.992951989173889 35.0167999267578 0.240453004837036 9.98258018493652 0.240453004837036 35.0167999267578 0.00342524005100131 9.98258018493652 0.00342524005100131 35.9907989501953 0.00342524005100131 35.9907989501953 0.240520998835564 10.9870004653931 0.00342524005100131 10.9870004653931 0.240520998835564 2 0.239910006523132 1.04803001880646 0.00262915994971991 2 0.00342524005100131 43.9575996398926 0.0160013008862734 82.9759979248047 0.240613996982574 82.9759979248047 0.00843869987875223 0.983991980552673 0.000223754002945498 0.00606212019920349 0.000342963001457974 0.00606212019920349 0.240567997097969 56.9542007446289 0.239864006638527 19.0198993682861 0.00342524005100131 56.9542007446289 0.00342524005100131 43.9931983947754 0.240613996982574 1.04803001880646 0.239910006523132 19.0112400054932 0.239864006638527 0.984741985797882 0.240567997097969 </float_array>
          <technique_common>
            <accessor count="96" source="#ID92" stride="2">
              <param name="S" type="float" />
              <param name="T" type="float" />
            </accessor>
          </technique_common>
        </source>
        <source id="ID93">
          <float_array id="ID94" count="384">0.619607843137255 0.619607843137255 0.619607843137255 1 0.619607843137255 0.619607843137255 0.619607843137255 1 0.619607843137255 0.619607843137255 0.619607843137255 1 0.619607843137255 0.619607843137255 0.619607843137255 1 0.619607843137255 0.619607843137255 0.619607843137255 1 0.619607843137255 0.619607843137255 0.619607843137255 1 0.619607843137255 0.619607843137255 0.619607843137255 1 0.619607843137255 0.619607843137255 0.619607843137255 1 0.619607843137255 0.619607843137255 0.619607843137255 1 0.619607843137255 0.619607843137255 0.619607843137255 1 0.619607843137255 0.619607843137255 0.619607843137255 1 0.619607843137255 0.619607843137255 0.619607843137255 1 0.619607843137255 0.619607843137255 0.619607843137255 1 0.619607843137255 0.619607843137255 0.619607843137255 1 0.619607843137255 0.619607843137255 0.619607843137255 1 0.619607843137255 0.619607843137255 0.619607843137255 1 0.619607843137255 0.619607843137255 0.619607843137255 1 0.619607843137255 0.619607843137255 0.619607843137255 1 0.619607843137255 0.619607843137255 0.619607843137255 1 0.619607843137255 0.619607843137255 0.619607843137255 1 0.619607843137255 0.619607843137255 0.619607843137255 1 0.619607843137255 0.619607843137255 0.619607843137255 1 0.619607843137255 0.619607843137255 0.619607843137255 1 0.619607843137255 0.619607843137255 0.619607843137255 1 0.619607843137255 0.619607843137255 0.619607843137255 1 0.619607843137255 0.619607843137255 0.619607843137255 1 0.619607843137255 0.619607843137255 0.619607843137255 1 0.619607843137255 0.619607843137255 0.619607843137255 1 0.619607843137255 0.619607843137255 0.619607843137255 1 0.619607843137255 0.619607843137255 0.619607843137255 1 0.619607843137255 0.619607843137255 0.619607843137255 1 0.619607843137255 0.619607843137255 0.619607843137255 1 0.619607843137255 0.619607843137255 0.619607843137255 1 0.619607843137255 0.619607843137255 0.619607843137255 1 0.619607843137255 0.619607843137255 0.619607843137255 1 0.619607843137255 0.619607843137255 0.619607843137255 1 0.619607843137255 0.619607843137255 0.619607843137255 1 0.619607843137255 0.619607843137255 0.619607843137255 1 0.619607843137255 0.619607843137255 0.619607843137255 1 0.619607843137255 0.619607843137255 0.619607843137255 1 0.619607843137255 0.619607843137255 0.619607843137255 1 0.619607843137255 0.619607843137255 0.619607843137255 1 0.619607843137255 0.619607843137255 0.619607843137255 1 0.619607843137255 0.619607843137255 0.619607843137255 1 0.619607843137255 0.619607843137255 0.619607843137255 1 0.619607843137255 0.619607843137255 0.619607843137255 1 0.619607843137255 0.619607843137255 0.619607843137255 1 0.619607843137255 0.619607843137255 0.619607843137255 1 0.619607843137255 0.619607843137255 0.619607843137255 1 0.619607843137255 0.619607843137255 0.619607843137255 1 0.619607843137255 0.619607843137255 0.619607843137255 1 0.619607843137255 0.619607843137255 0.619607843137255 1 0.619607843137255 0.619607843137255 0.619607843137255 1 0.619607843137255 0.619607843137255 0.619607843137255 1 0.619607843137255 0.619607843137255 0.619607843137255 1 0.619607843137255 0.619607843137255 0.619607843137255 1 0.619607843137255 0.619607843137255 0.619607843137255 1 0.619607843137255 0.619607843137255 0.619607843137255 1 0.619607843137255 0.619607843137255 0.619607843137255 1 0.619607843137255 0.619607843137255 0.619607843137255 1 0.619607843137255 0.619607843137255 0.619607843137255 1 0.619607843137255 0.619607843137255 0.619607843137255 1 0.619607843137255 0.619607843137255 0.619607843137255 1 0.619607843137255 0.619607843137255 0.619607843137255 1 0.619607843137255 0.619607843137255 0.619607843137255 1 0.619607843137255 0.619607843137255 0.619607843137255 1 0.619607843137255 0.619607843137255 0.619607843137255 1 0.619607843137255 0.619607843137255 0.619607843137255 1 0.619607843137255 0.619607843137255 0.619607843137255 1 0.619607843137255 0.619607843137255 0.619607843137255 1 0.619607843137255 0.619607843137255 0.619607843137255 1 0.619607843137255 0.619607843137255 0.619607843137255 1 0.619607843137255 0.619607843137255 0.619607843137255 1 0.619607843137255 0.619607843137255 0.619607843137255 1 0.619607843137255 0.619607843137255 0.619607843137255 1 0.619607843137255 0.619607843137255 0.619607843137255 1 0.619607843137255 0.619607843137255 0.619607843137255 1 0.619607843137255 0.619607843137255 0.619607843137255 1 0.619607843137255 0.619607843137255 0.619607843137255 1 0.619607843137255 0.619607843137255 0.619607843137255 1 0.619607843137255 0.619607843137255 0.619607843137255 1 0.619607843137255 0.619607843137255 0.619607843137255 1 0.619607843137255 0.619607843137255 0.619607843137255 1 0.619607843137255 0.619607843137255 0.619607843137255 1 0.619607843137255 0.619607843137255 0.619607843137255 1 0.619607843137255 0.619607843137255 0.619607843137255 1 0.619607843137255 0.619607843137255 0.619607843137255 1 0.619607843137255 0.619607843137255 0.619607843137255 1 0.619607843137255 0.619607843137255 0.619607843137255 1 0.619607843137255 0.619607843137255 0.619607843137255 1 0.619607843137255 0.619607843137255 0.619607843137255 1 0.619607843137255 0.619607843137255 0.619607843137255 1 0.619607843137255 0.619607843137255 0.619607843137255 1 0.619607843137255 0.619607843137255 0.619607843137255 1 0.619607843137255 0.619607843137255 0.619607843137255 1 0.619607843137255 0.619607843137255 0.619607843137255 1 </float_array>
          <technique_common>
            <accessor count="96" source="#ID94" stride="4">
              <param name="R" type="float" />
              <param name="G" type="float" />
              <param name="B" type="float" />
              <param name="A" type="float" />
            </accessor>
          </technique_common>
        </source>
        <vertices id="ID88">
          <input semantic="POSITION" source="#ID89" />
        </vertices>
        <triangles count="4" material="Bagb_block2top">
          <input offset="0" semantic="VERTEX" source="#ID88" />
          <input offset="1" semantic="TEXCOORD" source="#ID91" />
          <input offset="2" semantic="COLOR" source="#ID93" />
          <p>0 0 0 1 1 1 2 2 2 0 0 0 6 6 6 1 1 1 3 3 3 4 4 4 5 5 5 3 3 3 5 5 5 7 7 7 </p>
        </triangles>
        <triangles count="8" material="Bagb_block2top">
          <input offset="0" semantic="VERTEX" source="#ID88" />
          <input offset="1" semantic="TEXCOORD" source="#ID91" />
          <input offset="2" semantic="COLOR" source="#ID93" />
          <p>8 8 8 9 9 9 10 10 10 10 10 10 9 9 9 11 11 11 12 12 12 13 13 13 14 14 14 14 14 14 13 13 13 15 15 15 16 16 16 17 17 17 18 18 18 16 16 16 22 22 22 17 17 17 19 19 19 20 20 20 21 21 21 20 20 20 19 19 19 23 23 23 </p>
        </triangles>
        <triangles count="12" material="Bagb_block2top">
          <input offset="0" semantic="VERTEX" source="#ID88" />
          <input offset="1" semantic="TEXCOORD" source="#ID91" />
          <input offset="2" semantic="COLOR" source="#ID93" />
          <p>24 24 24 25 25 25 26 26 26 26 26 26 25 25 25 27 27 27 28 28 28 29 29 29 30 30 30 30 30 30 29 29 29 31 31 31 32 32 32 33 33 33 34 34 34 32 32 32 45 45 45 33 33 33 35 35 35 36 36 36 37 37 37 35 35 35 44 44 44 36 36 36 38 38 38 39 39 39 40 40 40 38 38 38 40 40 40 47 47 47 41 41 41 42 42 42 43 43 43 42 42 42 41 41 41 46 46 46 </p>
        </triangles>
        <triangles count="4" material="Bagb_block2top">
          <input offset="0" semantic="VERTEX" source="#ID88" />
          <input offset="1" semantic="TEXCOORD" source="#ID91" />
          <input offset="2" semantic="COLOR" source="#ID93" />
          <p>48 48 48 49 49 49 50 50 50 48 48 48 50 50 50 55 55 55 51 51 51 52 52 52 53 53 53 52 52 52 51 51 51 54 54 54 </p>
        </triangles>
        <triangles count="8" material="Bagb_block2top">
          <input offset="0" semantic="VERTEX" source="#ID88" />
          <input offset="1" semantic="TEXCOORD" source="#ID91" />
          <input offset="2" semantic="COLOR" source="#ID93" />
          <p>56 56 56 57 57 57 58 58 58 58 58 58 57 57 57 59 59 59 60 60 60 61 61 61 62 62 62 62 62 62 61 61 61 63 63 63 64 64 64 65 65 65 66 66 66 64 64 64 71 71 71 65 65 65 67 67 67 68 68 68 69 69 69 67 67 67 70 70 70 68 68 68 </p>
        </triangles>
        <triangles count="12" material="Bagb_block2top">
          <input offset="0" semantic="VERTEX" source="#ID88" />
          <input offset="1" semantic="TEXCOORD" source="#ID91" />
          <input offset="2" semantic="COLOR" source="#ID93" />
          <p>72 72 72 73 73 73 74 74 74 74 74 74 73 73 73 75 75 75 76 76 76 77 77 77 78 78 78 78 78 78 77 77 77 79 79 79 80 80 80 81 81 81 82 82 82 80 80 80 93 93 93 81 81 81 83 83 83 84 84 84 85 85 85 83 83 83 92 92 92 84 84 84 86 86 86 87 87 87 88 88 88 86 86 86 88 88 88 95 95 95 89 89 89 90 90 90 91 91 91 90 90 90 89 89 89 94 94 94 </p>
        </triangles>
      </mesh>
    </geometry>
    <geometry id="ID95">
      <mesh>
        <source id="ID97">
          <float_array id="ID98" count="84">-199.792999267578 50 -199.792999267578 199.792999267578 50 -199.792999267578 -199.600006103516 50 -221.199005126953 200.003997802734 50 -221.199005126953 -199.600006103516 50 -221.199005126953 -221.199005126953 50 -199.434005737305 -199.792999267578 50 -199.792999267578 221.199005126953 50 -199.434005737305 200.003997802734 50 -221.199005126953 199.792999267578 50 -199.792999267578 -199.792999267578 50 199.792999267578 -221.199005126953 50 199.768997192383 -200.001007080078 50 221.199005126953 -199.792999267578 50 199.792999267578 -200.001007080078 50 221.199005126953 199.792999267578 50 199.792999267578 199.602996826172 50 221.199005126953 -199.792999267578 50 -199.792999267578 -221.199005126953 50 -199.434005737305 -199.792999267578 50 199.792999267578 -221.199005126953 50 199.768997192383 199.792999267578 50 199.792999267578 199.602996826172 50 221.199005126953 221.199005126953 50 200.169998168945 221.199005126953 50 200.169998168945 221.199005126953 50 -199.434005737305 199.792999267578 50 199.792999267578 199.792999267578 50 -199.792999267578 </float_array>
          <technique_common>
            <accessor count="28" source="#ID98" stride="3">
              <param name="X" type="float" />
              <param name="Y" type="float" />
              <param name="Z" type="float" />
            </accessor>
          </technique_common>
        </source>
        <source id="ID99">
          <float_array id="ID100" count="56">7.71749019622803 0.991823971271515 -3.29099988937378 0.991823971271515 7.7178201675415 0.00848602969199419 -3.29023003578186 0.00848603993654251 -6.40669012069702 0.0128001999109983 -5.50012016296387 0.0128001999109983 -6.00080013275146 0.975175976753235 -5.58971977233887 0.00640011020004749 -6.49629020690918 0.00640011020004749 -5.99561023712158 0.982235014438629 -6.00080013275146 0.987976014614105 -5.50651979446411 0.011599300429225 -6.50268983840942 0.011599300429225 -4.27797985076904 0.991823971271515 -4.27987003326416 0.00848603993654251 6.22670984268188 0.991823971271515 6.22608995437622 0.00848603993654251 6.2418098449707 0.991823971271515 6.24319982528687 0.00848603993654251 -4.75686979293823 0.991823971271515 -4.75622987747192 0.00848603993654251 -6.00200986862183 0.987976014614105 -5.50012016296387 0.011599300429225 -6.50268983840942 0.0128001999109983 -4.2807297706604 0.00848603993654251 6.2468900680542 0.00848603993654251 -4.2802300453186 0.991823971271515 6.24830007553101 0.991823971271515 </float_array>
          <technique_common>
            <accessor count="28" source="#ID100" stride="2">
              <param name="S" type="float" />
              <param name="T" type="float" />
            </accessor>
          </technique_common>
        </source>
        <source id="ID101">
          <float_array id="ID102" count="112">0.525490196078431 0.525490196078431 0.525490196078431 1 0.525490196078431 0.525490196078431 0.525490196078431 1 0.525490196078431 0.525490196078431 0.525490196078431 1 0.525490196078431 0.525490196078431 0.525490196078431 1 0.525490196078431 0.525490196078431 0.525490196078431 1 0.525490196078431 0.525490196078431 0.525490196078431 1 0.525490196078431 0.525490196078431 0.525490196078431 1 0.525490196078431 0.525490196078431 0.525490196078431 1 0.525490196078431 0.525490196078431 0.525490196078431 1 0.525490196078431 0.525490196078431 0.525490196078431 1 0.525490196078431 0.525490196078431 0.525490196078431 1 0.525490196078431 0.525490196078431 0.525490196078431 1 0.525490196078431 0.525490196078431 0.525490196078431 1 0.525490196078431 0.525490196078431 0.525490196078431 1 0.525490196078431 0.525490196078431 0.525490196078431 1 0.525490196078431 0.525490196078431 0.525490196078431 1 0.525490196078431 0.525490196078431 0.525490196078431 1 0.525490196078431 0.525490196078431 0.525490196078431 1 0.525490196078431 0.525490196078431 0.525490196078431 1 0.525490196078431 0.525490196078431 0.525490196078431 1 0.525490196078431 0.525490196078431 0.525490196078431 1 0.525490196078431 0.525490196078431 0.525490196078431 1 0.525490196078431 0.525490196078431 0.525490196078431 1 0.525490196078431 0.525490196078431 0.525490196078431 1 0.525490196078431 0.525490196078431 0.525490196078431 1 0.525490196078431 0.525490196078431 0.525490196078431 1 0.525490196078431 0.525490196078431 0.525490196078431 1 0.525490196078431 0.525490196078431 0.525490196078431 1 </float_array>
          <technique_common>
            <accessor count="28" source="#ID102" stride="4">
              <param name="R" type="float" />
              <param name="G" type="float" />
              <param name="B" type="float" />
              <param name="A" type="float" />
            </accessor>
          </technique_common>
        </source>
        <vertices id="ID96">
          <input semantic="POSITION" source="#ID97" />
        </vertices>
        <triangles count="3" material="Bagb_zebura">
          <input offset="0" semantic="VERTEX" source="#ID96" />
          <input offset="1" semantic="TEXCOORD" source="#ID99" />
          <input offset="2" semantic="COLOR" source="#ID101" />
          <p>0 0 0 1 1 1 2 2 2 1 1 1 3 3 3 2 2 2 4 4 4 5 5 5 6 6 6 </p>
        </triangles>
        <triangles count="1" material="Bagb_zebura">
          <input offset="0" semantic="VERTEX" source="#ID96" />
          <input offset="1" semantic="TEXCOORD" source="#ID99" />
          <input offset="2" semantic="COLOR" source="#ID101" />
          <p>7 7 7 8 8 8 9 9 9 </p>
        </triangles>
        <triangles count="5" material="Bagb_zebura">
          <input offset="0" semantic="VERTEX" source="#ID96" />
          <input offset="1" semantic="TEXCOORD" source="#ID99" />
          <input offset="2" semantic="COLOR" source="#ID101" />
          <p>10 10 10 11 11 11 12 12 12 13 13 13 14 14 14 15 15 15 14 14 14 16 16 16 15 15 15 17 17 17 18 18 18 19 19 19 18 18 18 20 20 20 19 19 19 </p>
        </triangles>
        <triangles count="3" material="Bagb_zebura">
          <input offset="0" semantic="VERTEX" source="#ID96" />
          <input offset="1" semantic="TEXCOORD" source="#ID99" />
          <input offset="2" semantic="COLOR" source="#ID101" />
          <p>21 21 21 22 22 22 23 23 23 24 24 24 25 25 25 26 26 26 25 25 25 27 27 27 26 26 26 </p>
        </triangles>
      </mesh>
    </geometry>
    <geometry id="ID103">
      <mesh>
        <source id="ID105">
          <float_array id="ID106" count="12">199.792999267578 50 -199.792999267578 -199.792999267578 50 -199.792999267578 -199.792999267578 50 199.792999267578 199.792999267578 50 199.792999267578 </float_array>
          <technique_common>
            <accessor count="4" source="#ID106" stride="3">
              <param name="X" type="float" />
              <param name="Y" type="float" />
              <param name="Z" type="float" />
            </accessor>
          </technique_common>
        </source>
        <source id="ID107">
          <float_array id="ID108" count="8">5.06032991409302 5.01734018325806 -4.01184988021851 5.01734018325806 -4.01184988021851 -4.01734018325806 5.06032991409302 -4.01734018325806 </float_array>
          <technique_common>
            <accessor count="4" source="#ID108" stride="2">
              <param name="S" type="float" />
              <param name="T" type="float" />
            </accessor>
          </technique_common>
        </source>
        <source id="ID109">
          <float_array id="ID110" count="16">0.494117647058824 0.494117647058824 0.494117647058824 1 0.494117647058824 0.494117647058824 0.494117647058824 1 0.494117647058824 0.494117647058824 0.494117647058824 1 0.494117647058824 0.494117647058824 0.494117647058824 1 </float_array>
          <technique_common>
            <accessor count="4" source="#ID110" stride="4">
              <param name="R" type="float" />
              <param name="G" type="float" />
              <param name="B" type="float" />
              <param name="A" type="float" />
            </accessor>
          </technique_common>
        </source>
        <vertices id="ID104">
          <input semantic="POSITION" source="#ID105" />
        </vertices>
        <triangles count="1" material="Bagb_suna">
          <input offset="0" semantic="VERTEX" source="#ID104" />
          <input offset="1" semantic="TEXCOORD" source="#ID107" />
          <input offset="2" semantic="COLOR" source="#ID109" />
          <p>0 0 0 1 1 1 2 2 2 </p>
        </triangles>
        <triangles count="1" material="Bagb_suna">
          <input offset="0" semantic="VERTEX" source="#ID104" />
          <input offset="1" semantic="TEXCOORD" source="#ID107" />
          <input offset="2" semantic="COLOR" source="#ID109" />
          <p>3 3 3 0 0 0 2 2 2 </p>
        </triangles>
      </mesh>
    </geometry>
    <geometry id="ID111">
      <mesh>
        <source id="ID113">
          <float_array id="ID114" count="111">-60 50.0253982543945 -60 -30 71.0253982543945 -30 -45.7523994445801 50.0253982543945 -60 21.3222999572754 66.0898971557617 -37.0507011413574 -20.8904991149902 66.1588973999023 -36.9520988464355 30 71.0253982543945 -30 -36.8610000610352 66.2227020263672 -21.5475006103516 -37.3714981079102 65.8653030395508 22.1522006988525 -30 71.0253982543945 -30 -30 71.0253982543945 -30 -30 71.0253982543945 30 30 71.0253982543945 -30 30 71.0253982543945 30 -60 50.0253982543945 -60 -60 50.0253982543945 -44.334400177002 45.8334999084473 50.0253982543945 -60 37.2411994934082 65.9565963745117 -22.8092994689941 30 71.0253982543945 -30 30 71.0253982543945 30 60 50.0253982543945 -60 60 50.0253982543945 -44.5149002075195 60 50.0253982543945 -60 -20.8953990936279 65.951301574707 37.2486991882324 20.3412990570068 66.2850036621094 36.7719993591309 -30 71.0253982543945 30 37.0210990905762 66.1107025146484 27.2632999420166 -60 50.0253982543945 60 -30 71.0253982543945 30 -60 50.0253982543945 45.4123992919922 -60 50.0253982543945 60 -44.1591987609863 50.0253982543945 60 43.7420997619629 50.0253982543945 60 30 71.0253982543945 30 60 50.0253982543945 60 60 50.0253982543945 60 60 50.0253982543945 44.9928016662598 37.2411994934082 65.9565963745117 -22.8092994689941 </float_array>
          <technique_common>
            <accessor count="37" source="#ID114" stride="3">
              <param name="X" type="float" />
              <param name="Y" type="float" />
              <param name="Z" type="float" />
            </accessor>
          </technique_common>
        </source>
        <source id="ID115">
          <float_array id="ID116" count="74">0.996926009654999 0.49966099858284 0.996926009654999 0.999661028385162 0.859593987464905 0.49966099858284 0.152411997318268 0.880874991416931 0.859593987464905 0.880874991416931 0.00219588004983962 0.999661028385162 0.859593987464905 0.880874991416931 0.152411997318268 0.880874991416931 0.996926009654999 0.999661028385162 0 0.00324594997800887 1 0.00324594997800887 0 0.5 1 0.5 0.996926009654999 0.49966099858284 0.859593987464905 0.49966099858284 0.152411997318268 0.49966099858284 0.0988868996500969 0.880874991416931 0.00219588004983962 0.999661028385162 0.996926009654999 0.999661028385162 0.00219588004983962 0.49966099858284 0.176869004964828 0.49966099858284 0.00219588004983962 0.49966099858284 0.152411997318268 0.880874991416931 0.859592974185944 0.880874991416931 0.00219588004983962 0.999661028385162 0.916297972202301 0.880874991416931 0.00219588004983962 0.49966099858284 0.00219588004983962 0.999661028385162 0.152411997318268 0.49966099858284 0.00219588004983962 0.49966099858284 0.152411997318268 0.49966099858284 0.859593987464905 0.49966099858284 0.996926009654999 0.999661028385162 0.996926009654999 0.49966099858284 0.996926009654999 0.49966099858284 0.859593987464905 0.49966099858284 0.0984551012516022 0.880874991416931 </float_array>
          <technique_common>
            <accessor count="37" source="#ID116" stride="2">
              <param name="S" type="float" />
              <param name="T" type="float" />
            </accessor>
          </technique_common>
        </source>
        <source id="ID117">
          <float_array id="ID118" count="148">0.576470588235294 0.576470588235294 0.576470588235294 1 0.525490196078431 0.525490196078431 0.525490196078431 1 0.576470588235294 0.576470588235294 0.576470588235294 1 0.576470588235294 0.576470588235294 0.576470588235294 1 0.576470588235294 0.576470588235294 0.576470588235294 1 0.525490196078431 0.525490196078431 0.525490196078431 1 0.525490196078431 0.525490196078431 0.525490196078431 1 0.525490196078431 0.525490196078431 0.525490196078431 1 0.474509803921569 0.474509803921569 0.474509803921569 1 0.725490196078431 0.725490196078431 0.725490196078431 1 0.725490196078431 0.725490196078431 0.725490196078431 1 0.725490196078431 0.725490196078431 0.725490196078431 1 0.725490196078431 0.725490196078431 0.725490196078431 1 0.525490196078431 0.525490196078431 0.525490196078431 1 0.525490196078431 0.525490196078431 0.525490196078431 1 0.576470588235294 0.576470588235294 0.576470588235294 1 0.525490196078431 0.525490196078431 0.525490196078431 1 0.474509803921569 0.474509803921569 0.474509803921569 1 0.474509803921569 0.474509803921569 0.474509803921569 1 0.525490196078431 0.525490196078431 0.525490196078431 1 0.525490196078431 0.525490196078431 0.525490196078431 1 0.576470588235294 0.576470588235294 0.576470588235294 1 0.474509803921569 0.474509803921569 0.474509803921569 1 0.474509803921569 0.474509803921569 0.474509803921569 1 0.423529411764706 0.423529411764706 0.423529411764706 1 0.525490196078431 0.525490196078431 0.525490196078431 1 0.474509803921569 0.474509803921569 0.474509803921569 1 0.474509803921569 0.474509803921569 0.474509803921569 1 0.525490196078431 0.525490196078431 0.525490196078431 1 0.474509803921569 0.474509803921569 0.474509803921569 1 0.474509803921569 0.474509803921569 0.474509803921569 1 0.474509803921569 0.474509803921569 0.474509803921569 1 0.423529411764706 0.423529411764706 0.423529411764706 1 0.474509803921569 0.474509803921569 0.474509803921569 1 0.525490196078431 0.525490196078431 0.525490196078431 1 0.525490196078431 0.525490196078431 0.525490196078431 1 0.525490196078431 0.525490196078431 0.525490196078431 1 </float_array>
          <technique_common>
            <accessor count="37" source="#ID118" stride="4">
              <param name="R" type="float" />
              <param name="G" type="float" />
              <param name="B" type="float" />
              <param name="A" type="float" />
            </accessor>
          </technique_common>
        </source>
        <vertices id="ID112">
          <input semantic="POSITION" source="#ID113" />
        </vertices>
        <triangles count="13" material="Bagb_JumpRamp">
          <input offset="0" semantic="VERTEX" source="#ID112" />
          <input offset="1" semantic="TEXCOORD" source="#ID115" />
          <input offset="2" semantic="COLOR" source="#ID117" />
          <p>0 0 0 1 1 1 2 2 2 2 2 2 1 1 1 4 4 4 4 4 4 3 3 3 2 2 2 3 3 3 4 4 4 5 5 5 5 5 5 15 15 15 3 3 3 3 3 3 15 15 15 2 2 2 6 6 6 7 7 7 8 8 8 8 8 8 14 14 14 6 6 6 13 13 13 14 14 14 8 8 8 9 9 9 10 10 10 11 11 11 10 10 10 12 12 12 11 11 11 16 16 16 17 17 17 18 18 18 5 5 5 4 4 4 1 1 1 </p>
        </triangles>
        <triangles count="3" material="Bagb_JumpRamp">
          <input offset="0" semantic="VERTEX" source="#ID112" />
          <input offset="1" semantic="TEXCOORD" source="#ID115" />
          <input offset="2" semantic="COLOR" source="#ID117" />
          <p>19 19 19 17 17 17 20 20 20 20 20 20 17 17 17 16 16 16 21 21 21 15 15 15 5 5 5 </p>
        </triangles>
        <triangles count="13" material="Bagb_JumpRamp">
          <input offset="0" semantic="VERTEX" source="#ID112" />
          <input offset="1" semantic="TEXCOORD" source="#ID115" />
          <input offset="2" semantic="COLOR" source="#ID117" />
          <p>22 22 22 23 23 23 24 24 24 24 24 24 30 30 30 22 22 22 29 29 29 30 30 30 24 24 24 22 22 22 30 30 30 31 31 31 23 23 23 22 22 22 31 31 31 32 32 32 23 23 23 31 31 31 24 24 24 23 23 23 32 32 32 16 16 16 18 18 18 25 25 25 26 26 26 27 27 27 28 28 28 28 28 28 27 27 27 7 7 7 7 7 7 6 6 6 28 28 28 6 6 6 14 14 14 28 28 28 8 8 8 7 7 7 27 27 27 </p>
        </triangles>
        <triangles count="5" material="Bagb_JumpRamp">
          <input offset="0" semantic="VERTEX" source="#ID112" />
          <input offset="1" semantic="TEXCOORD" source="#ID115" />
          <input offset="2" semantic="COLOR" source="#ID117" />
          <p>32 32 32 31 31 31 33 33 33 34 34 34 35 35 35 18 18 18 18 18 18 35 35 35 25 25 25 25 25 25 35 35 35 20 20 20 36 36 36 25 25 25 20 20 20 </p>
        </triangles>
      </mesh>
    </geometry>
  </library_geometries>
  <library_effects>
    <effect id="ID3">
      <profile_COMMON>
        <newparam sid="ID5">
          <surface type="2D">
            <init_from>ID4</init_from>
          </surface>
        </newparam>
        <newparam sid="ID6">
          <sampler2D>
            <source>ID5</source>
          </sampler2D>
        </newparam>
        <technique sid="COMMON">
          <lambert>
            <diffuse>
              <texture texture="ID6" texcoord="UVSET0" />
            </diffuse>
          </lambert>
        </technique>
      </profile_COMMON>
    </effect>
    <effect id="ID8">
      <profile_COMMON>
        <newparam sid="ID10">
          <surface type="2D">
            <init_from>ID9</init_from>
          </surface>
        </newparam>
        <newparam sid="ID11">
          <sampler2D>
            <source>ID10</source>
          </sampler2D>
        </newparam>
        <technique sid="COMMON">
          <lambert>
            <diffuse>
              <texture texture="ID11" texcoord="UVSET0" />
            </diffuse>
          </lambert>
        </technique>
      </profile_COMMON>
    </effect>
    <effect id="ID13">
      <profile_COMMON>
        <newparam sid="ID15">
          <surface type="2D">
            <init_from>ID14</init_from>
          </surface>
        </newparam>
        <newparam sid="ID16">
          <sampler2D>
            <source>ID15</source>
          </sampler2D>
        </newparam>
        <technique sid="COMMON">
          <lambert>
            <diffuse>
              <texture texture="ID16" texcoord="UVSET0" />
            </diffuse>
          </lambert>
        </technique>
      </profile_COMMON>
    </effect>
    <effect id="ID18">
      <profile_COMMON>
        <newparam sid="ID20">
          <surface type="2D">
            <init_from>ID19</init_from>
          </surface>
        </newparam>
        <newparam sid="ID21">
          <sampler2D>
            <source>ID20</source>
          </sampler2D>
        </newparam>
        <technique sid="COMMON">
          <lambert>
            <diffuse>
              <texture texture="ID21" texcoord="UVSET0" />
            </diffuse>
          </lambert>
        </technique>
      </profile_COMMON>
    </effect>
    <effect id="ID23">
      <profile_COMMON>
        <newparam sid="ID25">
          <surface type="2D">
            <init_from>ID24</init_from>
          </surface>
        </newparam>
        <newparam sid="ID26">
          <sampler2D>
            <source>ID25</source>
          </sampler2D>
        </newparam>
        <technique sid="COMMON">
          <lambert>
            <diffuse>
              <texture texture="ID26" texcoord="UVSET0" />
            </diffuse>
          </lambert>
        </technique>
      </profile_COMMON>
    </effect>
    <effect id="ID28">
      <profile_COMMON>
        <newparam sid="ID30">
          <surface type="2D">
            <init_from>ID29</init_from>
          </surface>
        </newparam>
        <newparam sid="ID31">
          <sampler2D>
            <source>ID30</source>
          </sampler2D>
        </newparam>
        <technique sid="COMMON">
          <lambert>
            <diffuse>
              <texture texture="ID31" texcoord="UVSET0" />
            </diffuse>
          </lambert>
        </technique>
      </profile_COMMON>
    </effect>
    <effect id="ID33">
      <profile_COMMON>
        <newparam sid="ID35">
          <surface type="2D">
            <init_from>ID34</init_from>
          </surface>
        </newparam>
        <newparam sid="ID36">
          <sampler2D>
            <source>ID35</source>
          </sampler2D>
        </newparam>
        <technique sid="COMMON">
          <lambert>
            <diffuse>
              <texture texture="ID36" texcoord="UVSET0" />
            </diffuse>
          </lambert>
        </technique>
      </profile_COMMON>
    </effect>
    <effect id="ID38">
      <profile_COMMON>
        <newparam sid="ID40">
          <surface type="2D">
            <init_from>ID39</init_from>
          </surface>
        </newparam>
        <newparam sid="ID41">
          <sampler2D>
            <source>ID40</source>
          </sampler2D>
        </newparam>
        <technique sid="COMMON">
          <lambert>
            <diffuse>
              <texture texture="ID41" texcoord="UVSET0" />
            </diffuse>
          </lambert>
        </technique>
      </profile_COMMON>
    </effect>
    <effect id="ID43">
      <profile_COMMON>
        <newparam sid="ID45">
          <surface type="2D">
            <init_from>ID44</init_from>
          </surface>
        </newparam>
        <newparam sid="ID46">
          <sampler2D>
            <source>ID45</source>
          </sampler2D>
        </newparam>
        <technique sid="COMMON">
          <lambert>
            <diffuse>
              <texture texture="ID46" texcoord="UVSET0" />
            </diffuse>
          </lambert>
        </technique>
      </profile_COMMON>
    </effect>
  </library_effects>
  <library_images>
    <image id="ID4">
      <init_from>Tex/Bagb_jump.png</init_from>
    </image>
    <image id="ID9">
      <init_from>Tex/Bagb_block.png</init_from>
    </image>
    <image id="ID14">
      <init_from>Tex/Bagb_block_top.png</init_from>
    </image>
    <image id="ID19">
      <init_from>Tex/Bagb_color_block.png</init_from>
    </image>
    <image id="ID24">
      <init_from>Tex/Bagb_kusa.png</init_from>
    </image>
    <image id="ID29">
      <init_from>Tex/Bagb_kumo.png</init_from>
    </image>
    <image id="ID34">
      <init_from>Tex/Bagb_suna.png</init_from>
    </image>
    <image id="ID39">
      <init_from>Tex/Bagb_zebura.png</init_from>
    </image>
    <image id="ID44">
      <init_from>Tex/Bagb_road.png</init_from>
    </image>
  </library_images>
  <library_materials>
    <material id="ID2" name="Bagb_JumpRamp">
      <instance_effect url="#ID3" />
    </material>
    <material id="ID7" name="Bagb_block2_a_top">
      <instance_effect url="#ID8" />
    </material>
    <material id="ID12" name="Bagb_block2top">
      <instance_effect url="#ID13" />
    </material>
    <material id="ID17" name="Bagb_block_top">
      <instance_effect url="#ID18" />
    </material>
    <material id="ID22" name="Bagb_grass">
      <instance_effect url="#ID23" />
    </material>
    <material id="ID27" name="Bagb_kumo">
      <instance_effect url="#ID28" />
    </material>
    <material id="ID32" name="Bagb_suna">
      <instance_effect url="#ID33" />
    </material>
    <material id="ID37" name="Bagb_zebura">
      <instance_effect url="#ID38" />
    </material>
    <material id="ID42" name="Bctr_road">
      <instance_effect url="#ID43" />
    </material>
  </library_materials>
  <library_visual_scenes>
    <visual_scene id="ID1">
      <node name="Bagb_BattleCourse1">
        <instance_geometry url="#ID47">
          <bind_material>
            <technique_common>
              <instance_material symbol="Bagb_kumo" target="#ID27">
                <bind_vertex_input semantic="UVSET0" input_semantic="TEXCOORD" input_set="0" />
              </instance_material>
            </technique_common>
          </bind_material>
        </instance_geometry>
        <instance_geometry url="#ID55">
          <bind_material>
            <technique_common>
              <instance_material symbol="Bagb_grass" target="#ID22">
                <bind_vertex_input semantic="UVSET0" input_semantic="TEXCOORD" input_set="0" />
              </instance_material>
            </technique_common>
          </bind_material>
        </instance_geometry>
        <instance_geometry url="#ID63">
          <bind_material>
            <technique_common>
              <instance_material symbol="Bagb_block_top" target="#ID17">
                <bind_vertex_input semantic="UVSET0" input_semantic="TEXCOORD" input_set="0" />
              </instance_material>
            </technique_common>
          </bind_material>
        </instance_geometry>
        <instance_geometry url="#ID71">
          <bind_material>
            <technique_common>
              <instance_material symbol="Bctr_road" target="#ID42">
                <bind_vertex_input semantic="UVSET0" input_semantic="TEXCOORD" input_set="0" />
              </instance_material>
            </technique_common>
          </bind_material>
        </instance_geometry>
        <instance_geometry url="#ID79">
          <bind_material>
            <technique_common>
              <instance_material symbol="Bagb_block2_a_top" target="#ID7">
                <bind_vertex_input semantic="UVSET0" input_semantic="TEXCOORD" input_set="0" />
              </instance_material>
            </technique_common>
          </bind_material>
        </instance_geometry>
        <instance_geometry url="#ID87">
          <bind_material>
            <technique_common>
              <instance_material symbol="Bagb_block2top" target="#ID12">
                <bind_vertex_input semantic="UVSET0" input_semantic="TEXCOORD" input_set="0" />
              </instance_material>
            </technique_common>
          </bind_material>
        </instance_geometry>
        <instance_geometry url="#ID95">
          <bind_material>
            <technique_common>
              <instance_material symbol="Bagb_zebura" target="#ID37">
                <bind_vertex_input semantic="UVSET0" input_semantic="TEXCOORD" input_set="0" />
              </instance_material>
            </technique_common>
          </bind_material>
        </instance_geometry>
        <instance_geometry url="#ID103">
          <bind_material>
            <technique_common>
              <instance_material symbol="Bagb_suna" target="#ID32">
                <bind_vertex_input semantic="UVSET0" input_semantic="TEXCOORD" input_set="0" />
              </instance_material>
            </technique_common>
          </bind_material>
        </instance_geometry>
        <instance_geometry url="#ID111">
          <bind_material>
            <technique_common>
              <instance_material symbol="Bagb_JumpRamp" target="#ID2">
                <bind_vertex_input semantic="UVSET0" input_semantic="TEXCOORD" input_set="0" />
              </instance_material>
            </technique_common>
          </bind_material>
        </instance_geometry>
      </node>
    </visual_scene>
  </library_visual_scenes>
  <scene>
    <instance_visual_scene url="#ID1" />
  </scene>
</COLLADA>